,0,1,2,3,4,5,6,7,8,9
0,0.0,164,"(-9.67, -1.69, 1.47)","(31.25, 7.0, -55.5625)","(0.10888888888888888, 0.026666666666666665, 0.08)","(0.10888888888888888, 0.026666666666666665, 0.08)","(354.0, -76.25, 48.1875)","(0.759765625, -0.14837646484375, 0.63177490234375, 0.03955078125)","(-0.19, 0.0, -0.04)","(-9.52, -1.72, 1.54)"
1,44.644999999999996,164,"(-9.870000000000001, -1.71, 1.6500000000000001)","(30.0625, 7.0, -55.75)","(0.14, 0.04111111111111111, 0.10666666666666666)","(0.14, 0.04111111111111111, 0.10666666666666666)","(354.0625, -76.5625, 47.3125)","(0.75958251953125, -0.1451416015625, 0.63275146484375, 0.03936767578125)","(-0.4, 0.01, 0.15)","(-9.540000000000001, -1.6600000000000001, 1.54)"
2,88.521,164,"(-10.620000000000001, -1.21, 2.11)","(32.0, 7.25, -54.1875)","(0.22, -0.01888888888888889, 0.18)","(0.2733333333333333, -0.044444444444444446, 0.24444444444444444)","(354.0625, -76.8125, 45.6875)","(0.76019287109375, -0.1400146484375, 0.63323974609375, 0.03936767578125)","(-1.52, 0.59, 0.8300000000000001)","(-9.55, -1.56, 1.57)"
3,132.698,164,"(-11.35, -0.71, 2.94)","(30.0625, 5.75, -57.0625)","(0.7511111111111111, -0.19555555555555557, 0.6766666666666666)","(0.7511111111111111, -0.19555555555555557, 0.6766666666666666)","(353.9375, -77.375, 39.8125)","(0.7640380859375, -0.119384765625, 0.6326904296875, 0.04071044921875)","(-1.78, 0.7000000000000001, 1.36)","(-9.57, -1.28, 1.67)"
4,176.63400000000001,164,"(-10.950000000000001, -0.43, 2.83)","(31.5625, 4.6875, -57.5)","(1.5911111111111111, -0.12555555555555556, 1.291111111111111)","(1.5911111111111111, -0.12555555555555556, 1.291111111111111)","(353.875, -78.5625, 22.875)","(0.76788330078125, -0.08404541015625, 0.6337890625, 0.041015625)","(-1.24, 0.31, 0.96)","(-9.620000000000001, -0.59, 1.79)"
5,219.013,164,"(-10.36, 0.0, 2.41)","(31.5625, 4.6875, -57.5)","(1.788888888888889, 0.16444444444444445, 1.4444444444444444)","(1.7977777777777777, 0.21666666666666667, 1.451111111111111)","(353.9375, -79.5, 3.5625)","(0.76751708984375, -0.041015625, 0.638427734375, 0.04034423828125)","(-0.2, 0.45, 0.5)","(-9.64, 0.05, 1.76)"
6,259.108,164,"(-9.120000000000001, 1.24, 1.85)","(32.375, 2.1875, -57.75)","(2.017777777777778, 0.24222222222222223, 1.3933333333333333)","(2.017777777777778, 0.24222222222222223, 1.3933333333333333)","(354.25, -79.6875, -17.75)","(0.7640380859375, 0.00372314453125, 0.64404296875, 0.0379638671875)","(1.76, 1.0, -0.45)","(-9.64, 0.67, 1.6300000000000001)"
7,300.844,164,"(-7.47, 2.13, 0.74)","(32.375, -1.75, -56.5625)","(2.1266666666666665, 0.11888888888888889, 1.011111111111111)","(2.1266666666666665, 0.11888888888888889, 1.011111111111111)","(355.9375, -79.0, -34.3125)","(0.75933837890625, 0.05780029296875, 0.64764404296875, 0.02362060546875)","(2.74, 1.33, -1.1300000000000001)","(-9.61, 1.16, 1.51)"
8,344.385,164,"(-5.51, 2.47, 0.06)","(32.75, -4.0625, -53.0625)","(2.218888888888889, -0.32222222222222224, 0.07555555555555556)","(2.218888888888889, -0.32222222222222224, 0.07555555555555556)","(0.125, -78.0625, -42.0625)","(0.75933837890625, 0.09185791015625, 0.6441650390625, -0.0008544921875)","(4.62, 1.1300000000000001, -2.06)","(-9.59, 1.32, 1.55)"
9,389.179,164,"(-4.79, 1.31, -0.49)","(31.5625, -3.1875, -50.5625)","(0.8855555555555555, -2.381111111111111, -1.9222222222222223)","(0.8855555555555555, -2.381111111111111, -1.9222222222222223)","(6.3125, -76.875, -26.3125)","(0.78289794921875, 0.09368896484375, 0.6126708984375, -0.054443359375)","(4.72, -0.56, -1.7)","(-9.5, 0.78, 2.27)"
10,433.45,164,"(-4.61, -0.55, 1.81)","(29.75, 1.5625, -46.6875)","(-0.5833333333333334, -5.708888888888889, -3.3877777777777776)","(-0.5833333333333334, -5.708888888888889, -3.3877777777777776)","(14.4375, -65.0, 5.4375)","(0.8358154296875, 0.04400634765625, 0.536865234375, -0.1060791015625)","(5.5, -1.3900000000000001, -0.44)","(-8.89, -0.39, 4.11)"
11,476.80400000000003,164,"(-5.69, -4.1, 8.41)","(24.1875, 9.75, -46.875)","(-1.0522222222222222, -8.523333333333333, -3.398888888888889)","(-1.0522222222222222, -8.523333333333333, -3.398888888888889)","(19.3125, -46.25, 14.25)","(0.90069580078125, -0.025390625, 0.40570068359375, -0.15338134765625)","(1.75, -2.49, 1.99)","(-6.48, -1.8900000000000001, 7.1000000000000005)"
12,518.9390000000001,164,"(-3.21, -4.7, 9.290000000000001)","(24.1875, 9.75, -46.875)","(-0.8466666666666667, -7.238888888888889, -0.9266666666666666)","(-0.39, -6.213333333333333, -0.1988888888888889)","(19.4375, -29.625, 15.125)","(0.945068359375, -0.07330322265625, 0.2744140625, -0.16192626953125)","(0.86, -3.0500000000000003, 2.13)","(-4.44, -2.21, 8.45)"
13,559.13,164,"(-5.38, -5.73, 12.06)","(14.5625, 14.25, -49.5)","(0.06333333333333334, -3.0388888888888888, -0.08666666666666667)","(0.06333333333333334, -3.0388888888888888, -0.08666666666666667)","(17.9375, -21.0625, 13.5625)","(0.96441650390625, -0.0821533203125, 0.19970703125, -0.1524658203125)","(-2.21, -1.8, 3.93)","(-3.31, -2.18, 8.96)"
14,600.8520000000001,164,"(-5.64, -2.85, 13.16)","(-0.25, 11.1875, -49.5625)","(-0.4855555555555556, -0.8988888888888888, -0.7222222222222222)","(-0.4855555555555556, -0.8988888888888888, -0.7222222222222222)","(18.8125, -17.25, 14.6875)","(0.96722412109375, -0.09979248046875, 0.1673583984375, -0.16278076171875)","(-3.15, -0.27, 4.39)","(-2.85, -2.42, 9.06)"
15,644.356,164,"(-6.12, -2.93, 13.51)","(-2.25, 10.5625, -45.375)","(-0.23, 0.46444444444444444, -0.36444444444444446)","(-0.23, 0.46444444444444444, -0.36444444444444446)","(19.9375, -17.3125, 15.8125)","(0.96453857421875, -0.1044921875, 0.17291259765625, -0.169921875)","(-3.56, -0.8, 5.3)","(-2.99, -2.54, 8.98)"
16,689.305,164,"(-6.4, -3.94, 15.4)","(-5.0625, 11.375, -44.75)","(1.2277777777777779, 1.9966666666666666, 0.035555555555555556)","(1.2277777777777779, 1.9966666666666666, 0.035555555555555556)","(20.875, -20.125, 14.5625)","(0.95867919921875, -0.07830810546875, 0.20654296875, -0.17919921875)","(-2.61, -2.07, 6.51)","(-3.6, -2.19, 8.84)"
17,733.782,164,"(-6.93, -4.04, 14.950000000000001)","(-3.25, 10.6875, -47.0)","(1.5355555555555556, 5.135555555555555, 0.30333333333333334)","(1.5355555555555556, 5.135555555555555, 0.30333333333333334)","(22.3125, -31.75, 11.375)","(0.9393310546875, -0.032958984375, 0.28662109375, -0.1854248046875)","(-2.16, -2.02, 5.71)","(-5.71, -1.5, 7.82)"
18,777.7610000000001,164,"(-5.61, -3.3000000000000003, 11.49)","(4.25, 8.875, -47.6875)","(1.8922222222222222, 8.936666666666667, 1.0888888888888888)","(2.088888888888889, 9.66, 1.3311111111111111)","(23.0625, -50.1875, 8.3125)","(0.88531494140625, 0.03460693359375, 0.427001953125, -0.180908203125)","(2.89, -2.23, 4.36)","(-8.11, -0.67, 5.46)"
19,819.455,164,"(-3.98, -2.31, 5.04)","(4.25, 8.875, -47.6875)","(2.1222222222222222, 10.584444444444445, 1.991111111111111)","(1.9644444444444444, 10.472222222222221, 2.108888888888889)","(22.375, -73.125, -1.5625)","(0.78778076171875, 0.12078857421875, 0.58343505859375, -0.15618896484375)","(4.55, -1.76, 0.09)","(-9.61, 0.31, 1.92)"
20,859.5260000000001,164,"(-5.01, -0.8200000000000001, 0.6900000000000001)","(18.5625, 3.5, -42.875)","(1.0877777777777777, 8.1, 2.112222222222222)","(1.0877777777777777, 8.1, 2.112222222222222)","(19.125, -83.5, -174.4375)","(0.67694091796875, 0.18988037109375, 0.70184326171875, -0.1143798828125)","(5.62, -1.16, 0.29)","(-9.66, 1.1300000000000001, -1.23)"
21,901.421,164,"(-2.47, 0.74, -3.38)","(35.375, -0.25, -25.375)","(1.8055555555555556, 4.4655555555555555, 2.3044444444444445)","(1.8055555555555556, 4.4655555555555555, 2.3044444444444445)","(16.125, -70.875, -148.8125)","(0.5792236328125, 0.264892578125, 0.76678466796875, -0.08013916015625)","(7.48, -0.71, -1.95)","(-9.120000000000001, 1.8, -3.1)"
22,944.593,164,"(-0.63, 1.1400000000000001, -6.5200000000000005)","(45.0625, -2.75, -7.875)","(0.9733333333333334, 2.15, 2.017777777777778)","(0.9733333333333334, 2.15, 2.017777777777778)","(13.0625, -61.75, -149.6875)","(0.5404052734375, 0.31036376953125, 0.77960205078125, -0.0621337890625)","(8.540000000000001, -0.73, -2.7)","(-8.55, 2.45, -4.1)"
23,989.475,164,"(0.06, 2.29, -6.43)","(44.5625, -3.75, 1.375)","(0.6477777777777778, -0.56, 0.8144444444444444)","(0.6544444444444445, -1.1733333333333333, 0.35777777777777775)","(12.5625, -60.125, -146.8125)","(0.53692626953125, 0.3382568359375, 0.77056884765625, -0.05926513671875)","(8.28, 0.05, -2.34)","(-8.58, 2.63, -3.95)"
24,1039.833,164,"(-1.03, 2.74, -5.37)","(44.75, -4.0625, 3.75)","(0.02, -3.7911111111111113, -1.9844444444444445)","(0.02, -3.7911111111111113, -1.9844444444444445)","(18.125, -66.4375, -144.4375)","(0.58868408203125, 0.309814453125, 0.73919677734375, -0.105224609375)","(7.21, 0.39, -1.49)","(-9.17, 2.05, -2.79)"
25,1085.233,36,"(-3.2, 0.77, -2.23)","(46.5625, -2.0, 0.875)","(-1.2222222222222223, -6.676666666666667, -4.835555555555556)","(-1.2222222222222223, -6.676666666666667, -4.835555555555556)","(29.625, -86.0625, -177.125)","(0.66729736328125, 0.21929931640625, 0.689453125, -0.17669677734375)","(6.04, -1.44, -0.05)","(-9.8, -0.12, 0.26)"
26,1129.222,164,"(-5.41, -4.11, 5.33)","(45.0, 4.6875, -11.25)","(-3.22, -8.563333333333333, -7.725555555555555)","(-3.466666666666667, -8.802222222222222, -8.26)","(38.5625, -69.5625, 43.5)","(0.74700927734375, 0.0523681640625, 0.60888671875, -0.26165771484375)","(1.92, -3.3000000000000003, 3.5700000000000003)","(-8.72, -3.19, 3.12)"
27,1172.2109999999998,164,"(-4.67, -8.83, 4.69)","(45.0, 4.6875, -11.25)","(-5.914444444444444, -6.772222222222222, -8.421111111111111)","(-5.914444444444444, -6.772222222222222, -8.421111111111111)","(46.0625, -44.0, 53.625)","(0.77703857421875, -0.15423583984375, 0.512939453125, -0.33074951171875)","(0.6900000000000001, -3.04, 2.48)","(-6.140000000000001, -6.390000000000001, 4.17)"
28,1216.876,164,"(-6.26, -11.64, 7.66)","(32.0, 16.375, -26.875)","(-6.441111111111111, -3.1733333333333333, -6.204444444444444)","(-6.441111111111111, -3.1733333333333333, -6.204444444444444)","(51.6875, -21.6875, 69.6875)","(0.73175048828125, -0.3826904296875, 0.43853759765625, -0.35467529296875)","(-1.36, -5.42, 1.92)","(-3.11, -8.9, 2.67)"
29,1263.221,164,"(-4.58, -17.42, 3.64)","(14.75, 33.875, -27.1875)","(-4.607777777777778, 0.6655555555555556, -3.1333333333333333)","(-4.607777777777778, 0.6655555555555556, -3.1333333333333333)","(57.0625, -12.3125, 82.625)","(0.644775390625, -0.51226806640625, 0.4361572265625, -0.36279296875)","(-2.81, -9.5, 2.45)","(-1.87, -9.58, -326.76)"
30,1304.634,164,"(-3.94, -20.73, 1.85)","(-0.875, 48.6875, -16.25)","(1.4644444444444444, 1.8233333333333333, -0.5744444444444444)","(1.4644444444444444, 1.8233333333333333, -0.5744444444444444)","(64.125, -9.4375, 83.75)","(0.63043212890625, -0.49957275390625, 0.4437255859375, -0.39508056640625)","(-3.75, -10.78, 0.92)","(-1.74, -9.58, 1.1)"
31,1347.186,164,"(-7.03, -19.66, 4.0)","(-5.6875, 51.75, -8.375)","(-0.06666666666666667, 2.511111111111111, 2.4255555555555555)","(0.042222222222222223, 2.3844444444444446, 3.1222222222222222)","(64.3125, -14.625, 84.0)","(0.6280517578125, -0.45819091796875, 0.48956298828125, -0.3948974609375)","(-3.43, -7.82, 2.84)","(-2.84, -9.33, 1.0)"
32,1391.424,36,"(-6.16, -13.97, 3.63)","(-3.5625, 51.1875, -11.875)","(3.612222222222222, 2.8466666666666667, 6.2988888888888885)","(3.612222222222222, 2.8466666666666667, 6.2988888888888885)","(57.75, -30.3125, 78.75)","(0.6689453125, -0.3251953125, 0.55718994140625, -0.36920166015625)","(-1.48, -4.18, 2.56)","(-5.58, -7.86, 1.77)"
33,1439.455,164,"(-5.94, -8.84, 3.91)","(6.1875, 50.0625, -14.5625)","(3.38, 5.128888888888889, 8.03888888888889)","(3.38, 5.128888888888889, 8.03888888888889)","(51.375, -49.0625, 75.0625)","(0.686767578125, -0.11572265625, 0.643310546875, -0.31793212890625)","(3.16, -0.64, 0.89)","(-7.94, -5.57, 1.42)"
34,1483.921,164,"(-4.09, -4.4, 1.6400000000000001)","(23.75, 40.5, -21.875)","(2.167777777777778, 6.092222222222222, 7.357777777777778)","(2.167777777777778, 6.092222222222222, 7.357777777777778)","(42.4375, -72.25, 93.3125)","(0.6531982421875, 0.04437255859375, 0.7119140625, -0.25396728515625)","(5.94, -0.93, 0.35000000000000003)","(-9.49, -2.36, -0.67)"
35,1528.709,164,"(-3.34, -2.74, -1.42)","(39.875, 25.5, -17.6875)","(1.4944444444444445, 5.78, 6.63)","(1.4644444444444444, 5.622222222222222, 6.37)","(34.25, -76.5625, 163.8125)","(0.59576416015625, 0.18048095703125, 0.76068115234375, -0.18377685546875)","(6.84, -1.62, 0.18)","(-9.43, -0.11, -2.66)"
36,1570.084,164,"(-2.1, -0.8300000000000001, -3.37)","(39.875, 25.5, -17.6875)","(1.1877777777777778, 4.862222222222222, 5.073333333333333)","(1.1655555555555555, 4.471111111111111, 4.96)","(25.8125, -65.1875, -164.0)","(0.53253173828125, 0.28826904296875, 0.786376953125, -0.12200927734375)","(7.140000000000001, -1.8800000000000001, -0.16)","(-8.68, 1.47, -4.3)"
37,1610.0149999999999,164,"(-1.76, 0.58, -5.78)","(47.5625, 15.25, -4.0625)","(0.8288888888888889, 2.3666666666666667, 2.776666666666667)","(0.8288888888888889, 2.3666666666666667, 2.776666666666667)","(18.9375, -55.8125, -156.875)","(0.4781494140625, 0.37060546875, 0.79266357421875, -0.0750732421875)","(6.36, -1.17, -1.77)","(-7.98, 2.3000000000000003, -5.21)"
38,1654.7179999999998,164,"(-2.89, 1.3900000000000001, -6.72)","(46.6875, 11.5, 12.5)","(0.19777777777777777, -0.17555555555555555, 1.0322222222222222)","(0.19777777777777777, -0.17555555555555555, 1.0322222222222222)","(16.0, -52.9375, -153.5625)","(0.47515869140625, 0.392822265625, 0.78448486328125, -0.0670166015625)","(4.28, -0.93, -1.09)","(-7.88, 2.65, -5.18)"
39,1697.498,164,"(-4.79, 2.5, -5.46)","(46.0625, 8.0, 20.75)","(-0.35444444444444445, -2.0655555555555556, -0.4588888888888889)","(-0.3988888888888889, -2.2666666666666666, -0.7111111111111111)","(17.6875, -56.75, -150.9375)","(0.50445556640625, 0.38336181640625, 0.7696533203125, -0.0787353515625)","(2.44, 0.24, -0.8)","(-8.33, 2.5500000000000003, -4.49)"
40,1742.005,164,"(-6.7700000000000005, 2.7800000000000002, -5.0200000000000005)","(42.1875, 7.25, 19.0)","(-0.6977777777777778, -2.2822222222222224, -1.3211111111111111)","(-0.6977777777777778, -2.2822222222222224, -1.3211111111111111)","(20.625, -62.4375, -149.0625)","(0.548828125, 0.3494873046875, 0.7523193359375, -0.10321044921875)","(0.16, 0.26, 0.33)","(-8.8, 2.23, -3.68)"
41,1786.972,36,"(-10.22, 2.11, -2.69)","(42.875, 8.0625, 12.0625)","(-0.4888888888888889, -2.0877777777777777, -1.2133333333333334)","(-0.35777777777777775, -1.9844444444444445, -1.2255555555555555)","(23.875, -69.25, -147.3125)","(0.57952880859375, 0.3211669921875, 0.73883056640625, -0.12274169921875)","(-1.79, 0.2, -0.07)","(-9.24, 1.77, -2.75)"
42,1831.4060000000002,164,"(-11.53, 1.32, -2.09)","(43.375, 9.5, 5.5625)","(-0.5655555555555556, -1.2722222222222221, -1.1633333333333333)","(-0.5655555555555556, -1.2722222222222221, -1.1633333333333333)","(26.0, -73.5, -147.5)","(0.6048583984375, 0.288818359375, 0.72845458984375, -0.1414794921875)","(-2.32, -0.08, 0.6)","(-9.44, 1.4000000000000001, -2.23)"
43,1873.81,164,"(-11.51, 1.43, -1.76)","(43.375, 10.0, 1.0625)","(-0.5, -0.4011111111111111, -0.7344444444444445)","(-0.5, -0.4011111111111111, -0.7344444444444445)","(26.8125, -75.9375, -149.5625)","(0.61260986328125, 0.27032470703125, 0.7281494140625, -0.14642333984375)","(-1.87, 0.04, 0.27)","(-9.52, 1.1500000000000001, -2.02)"
44,1914.647,164,"(-11.07, 1.1, -1.96)","(43.375, 10.0, 1.0625)","(-0.37, 0.1922222222222222, -0.26)","(-0.37, 0.1922222222222222, -0.26)","(26.5, -76.3125, -152.4375)","(0.61187744140625, 0.26171875, 0.73236083984375, -0.14410400390625)","(-1.17, -0.14, 0.03)","(-9.52, 1.06, -2.07)"
45,1957.8880000000001,164,"(-10.11, 0.66, -2.42)","(43.75, 12.75, 0.5625)","(-0.2311111111111111, 0.33444444444444443, -0.042222222222222223)","(-0.19777777777777777, 0.37666666666666665, -0.005555555555555556)","(25.8125, -75.6875, -153.6875)","(0.6083984375, 0.25860595703125, 0.7371826171875, -0.1395263671875)","(-0.46, -0.54, -0.41000000000000003)","(-9.49, 1.07, -2.2)"
46,1999.973,164,"(-9.5, 0.19, -2.8000000000000003)","(42.6875, 12.6875, 1.875)","(-0.36, 0.5344444444444444, 0.014444444444444444)","(-0.36, 0.5344444444444444, 0.014444444444444444)","(24.8125, -74.75, -154.625)","(0.6015625, 0.25604248046875, 0.74530029296875, -0.13079833984375)","(0.11, -1.04, -0.51)","(-9.450000000000001, 1.1, -2.37)"
47,2045.5009999999997,164,"(-9.09, -0.12, -3.1)","(41.5, 12.6875, 3.0)","(-0.5966666666666667, 0.5311111111111111, -0.15222222222222223)","(-0.5966666666666667, 0.5311111111111111, -0.15222222222222223)","(23.0, -73.5, -156.25)","(0.5963134765625, 0.2491455078125, 0.75335693359375, -0.12158203125)","(0.51, -1.2, -0.76)","(-9.39, 1.11, -2.57)"
48,2089.765,164,"(-8.47, -0.31, -3.42)","(43.375, 13.25, 3.875)","(-0.8722222222222222, 0.3688888888888889, -0.27111111111111114)","(-0.8722222222222222, 0.3688888888888889, -0.27111111111111114)","(21.1875, -72.875, -157.4375)","(0.5928955078125, 0.23394775390625, 0.76287841796875, -0.10845947265625)","(0.78, -1.05, -0.63)","(-9.36, 1.09, -2.68)"
49,2133.908,164,"(-8.44, 0.5, -3.3200000000000003)","(43.375, 14.0, 2.6875)","(-1.0944444444444446, 0.0811111111111111, -0.35)","(-1.0944444444444446, 0.0811111111111111, -0.35)","(19.0, -72.75, -158.125)","(0.594970703125, 0.21673583984375, 0.7679443359375, -0.09637451171875)","(0.92, -0.59, -0.56)","(-9.370000000000001, 1.07, -2.68)"
50,2177.183,36,"(-8.44, 0.42, -3.21)","(43.6875, 12.5, 3.5)","(-1.1788888888888889, -0.3333333333333333, -0.4922222222222222)","(-1.1788888888888889, -0.3333333333333333, -0.4922222222222222)","(16.1875, -73.6875, -158.1875)","(0.60211181640625, 0.19610595703125, 0.76922607421875, -0.08587646484375)","(1.03, -0.85, -0.59)","(-9.43, 0.99, -2.49)"
51,2218.849,164,"(-8.78, 0.32, -2.52)","(46.25, 11.25, 3.0)","(-1.47, -0.8033333333333333, -0.67)","(-1.47, -0.8033333333333333, -0.67)","(13.9375, -75.625, -157.9375)","(0.61993408203125, 0.1622314453125, 0.76422119140625, -0.07257080078125)","(0.89, -0.04, -0.31)","(-9.52, 0.88, -2.16)"
52,2266.9809999999998,36,"(-8.65, 0.54, -2.06)","(46.25, 11.25, 3.0)","(-1.6166666666666667, -0.8011111111111111, -0.64)","(-1.6166666666666667, -0.8011111111111111, -0.64)","(10.625, -78.3125, -157.0)","(0.63531494140625, 0.1326904296875, 0.7584228515625, -0.059326171875)","(0.9500000000000001, -0.54, 0.01)","(-9.6, 0.77, -1.82)"
53,2307.583,164,"(-9.09, 0.68, -1.25)","(42.875, 11.5625, 2.875)","(-1.4877777777777779, -0.7511111111111111, -0.6944444444444444)","(-1.4555555555555555, -0.7366666666666667, -0.6666666666666666)","(8.375, -80.4375, -157.6875)","(0.64886474609375, 0.103759765625, 0.75225830078125, -0.0477294921875)","(0.48, 0.19, 0.4)","(-9.68, 0.5700000000000001, -1.42)"
54,2350.867,164,"(-9.39, 0.47000000000000003, -0.66)","(42.5625, 12.0, 1.0)","(-1.1933333333333334, -0.7077777777777777, -0.5344444444444444)","(-1.1933333333333334, -0.7077777777777777, -0.5344444444444444)","(6.4375, -82.375, -158.625)","(0.66363525390625, 0.06549072265625, 0.74359130859375, -0.03558349609375)","(0.47000000000000003, -0.29, 0.45)","(-9.73, 0.43, -1.1400000000000001)"
55,2394.2549999999997,164,"(-9.74, 0.22, -0.56)","(41.75, 14.875, -1.5625)","(-1.0333333333333334, -0.5511111111111111, -0.6666666666666666)","(-1.0333333333333334, -0.5511111111111111, -0.6666666666666666)","(5.0625, -84.4375, -178.5625)","(0.672607421875, 0.05072021484375, 0.7376708984375, -0.02978515625)","(-0.29, 0.13, 0.8300000000000001)","(-9.76, 0.18, -0.86)"
56,2439.728,164,"(-10.13, 0.29, 0.15)","(43.25, 16.1875, -3.5625)","(-0.8555555555555555, -0.5211111111111111, -0.6)","(-0.8555555555555555, -0.5211111111111111, -0.6)","(4.125, -85.8125, -179.75)","(0.68218994140625, 0.0240478515625, 0.73040771484375, -0.02362060546875)","(-0.37, -0.15, 0.8300000000000001)","(-9.78, -0.01, -0.66)"
57,2484.2149999999997,164,"(-10.19, 0.25, 0.28)","(40.6875, 17.875, -5.5625)","(-0.7977777777777778, -0.33444444444444443, -0.6077777777777778)","(-0.7977777777777778, -0.33444444444444443, -0.6077777777777778)","(3.4375, -86.5625, 178.625)","(0.68719482421875, 0.00531005859375, 0.72613525390625, -0.02093505859375)","(-0.6900000000000001, 0.64, 1.17)","(-9.78, -0.22, -0.53)"
58,2527.148,164,"(-10.4, 0.37, 0.62)","(41.375, 20.1875, -5.75)","(-0.6722222222222223, -0.30444444444444446, -0.38555555555555554)","(-0.6722222222222223, -0.30444444444444446, -0.38555555555555554)","(2.6875, -86.625, 177.8125)","(0.69122314453125, -0.010009765625, 0.722412109375, -0.0166015625)","(-0.64, 0.7000000000000001, 0.98)","(-9.790000000000001, -0.39, -0.4)"
59,2569.374,164,"(-10.370000000000001, 0.17, 0.19)","(41.375, 20.1875, -5.75)","(-0.5, -0.2411111111111111, -0.24555555555555555)","(-0.4888888888888889, -0.22555555555555556, -0.23777777777777778)","(2.0, -86.8125, 177.375)","(0.6953125, -0.01959228515625, 0.71832275390625, -0.01220703125)","(-0.6, 0.61, 0.58)","(-9.790000000000001, -0.45, -0.3)"
60,2609.038,164,"(-10.4, 0.22, 0.39)","(41.375, 22.25, -5.875)","(-0.36777777777777776, -0.2511111111111111, -0.17666666666666667)","(-0.2788888888888889, -0.2644444444444444, -0.13666666666666666)","(1.25, -87.0, 177.25)","(0.69970703125, -0.02581787109375, 0.71392822265625, -0.00775146484375)","(-0.47000000000000003, 0.63, 0.53)","(-9.790000000000001, -0.45, -0.16)"
61,2650.676,164,"(-10.17, 0.01, 0.3)","(39.5625, 21.6875, -5.25)","(-0.027777777777777776, -0.21333333333333332, 0.014444444444444444)","(-0.027777777777777776, -0.21333333333333332, 0.014444444444444444)","(0.75, -87.5, 177.5)","(0.705322265625, -0.025634765625, 0.70843505859375, -0.0045166015625)","(-0.25, 0.17, 0.19)","(-9.790000000000001, -0.41000000000000003, -0.04)"
62,2693.9959999999996,164,"(-10.01, -0.24, 0.11)","(38.75, 22.375, -6.1875)","(-0.051111111111111114, -0.021111111111111112, -0.016666666666666666)","(-0.051111111111111114, -0.021111111111111112, -0.016666666666666666)","(0.625, -87.5, 177.5)","(0.7059326171875, -0.02642822265625, 0.707763671875, -0.00396728515625)","(-0.26, 0.19, 0.04)","(-9.790000000000001, -0.42, -0.03)"
63,2746.1730000000002,164,"(-10.290000000000001, -0.26, -0.09)","(39.875, 22.25, -7.0625)","(0.0, -0.0022222222222222222, -0.03222222222222222)","(0.0, -0.0022222222222222222, -0.03222222222222222)","(0.6875, -87.4375, 177.4375)","(0.7059326171875, -0.02679443359375, 0.707763671875, -0.00433349609375)","(-0.5700000000000001, 0.19, -0.14)","(-9.790000000000001, -0.42, -0.02)"
64,2789.905,164,"(-10.89, -0.29, -0.4)","(39.1875, 22.1875, -6.25)","(0.25666666666666665, -0.07111111111111111, 0.18333333333333332)","(0.25666666666666665, -0.07111111111111111, 0.18333333333333332)","(0.8125, -87.625, 177.625)","(0.70703125, -0.0216064453125, 0.70684814453125, -0.005126953125)","(-1.62, 0.22, -0.54)","(-9.790000000000001, -0.37, 0.0)"
65,2834.259,164,"(-11.71, -0.03, -0.41000000000000003)","(40.6875, 21.375, -7.875)","(0.35, -0.1, 0.5822222222222222)","(0.3688888888888889, -0.12, 0.7)","(0.375, -88.9375, 1.0)","(0.70843505859375, -0.0098876953125, 0.7056884765625, -0.00262451171875)","(-1.84, 0.47000000000000003, -0.33)","(-9.8, -0.09, 0.05)"
66,2883.369,164,"(-11.34, 1.21, 0.4)","(40.6875, 22.375, -8.25)","(1.001111111111111, -0.36, 1.3122222222222222)","(1.001111111111111, -0.36, 1.3122222222222222)","(21.6875, -88.5, -1.25)","(0.7003173828125, 0.15704345703125, 0.683349609375, -0.1339111328125)","(-1.08, 1.11, 0.24)","(-9.790000000000001, 0.36, 0.16)"
67,2926.99,164,"(-9.16, 2.35, -0.22)","(41.0625, 19.75, -9.5625)","(2.051111111111111, -0.8011111111111111, 1.5322222222222222)","(2.051111111111111, -0.8011111111111111, 1.5322222222222222)","(22.5, -83.9375, -5.5)","(0.70733642578125, 0.2005615234375, 0.66302490234375, -0.1409912109375)","(1.1300000000000001, 1.49, -0.78)","(-9.73, 1.06, 0.47000000000000003)"
68,2967.9809999999998,164,"(-6.08, 2.79, -1.19)","(41.0625, 19.75, -9.5625)","(2.117777777777778, -1.5655555555555556, 0.3411111111111111)","(1.9333333333333333, -1.9333333333333333, -0.06666666666666667)","(26.0625, -81.375, -54.5)","(0.718017578125, 0.2318115234375, 0.634765625, -0.16650390625)","(4.19, 1.3800000000000001, -2.3000000000000003)","(-9.68, 1.1500000000000001, 1.05)"
69,3008.569,164,"(-4.98, 2.33, -1.37)","(41.0625, 13.375, -9.1875)","(0.8522222222222222, -3.6844444444444444, -1.67)","(0.30777777777777776, -4.375555555555556, -2.128888888888889)","(31.75, -77.1875, -19.75)","(0.74755859375, 0.21807861328125, 0.59014892578125, -0.2127685546875)","(5.43, 1.6, -3.0500000000000003)","(-9.46, 0.5, 2.5)"
70,3050.272,164,"(-2.61, 0.1, 1.6)","(37.6875, 12.5625, -11.6875)","(-1.8144444444444445, -7.0055555555555555, -3.6455555555555557)","(-1.8144444444444445, -7.0055555555555555, -3.6455555555555557)","(37.125, -64.625, 6.5625)","(0.81451416015625, 0.114501953125, 0.49310302734375, -0.2833251953125)","(6.57, -1.0, -1.3900000000000001)","(-8.51, -0.91, 4.78)"
71,3093.869,36,"(-3.8000000000000003, -4.94, 6.8)","(30.875, 15.375, -20.0625)","(-1.8033333333333332, -9.07, -3.1777777777777776)","(-1.8033333333333332, -9.07, -3.1777777777777776)","(41.5625, -39.875, 17.875)","(0.8695068359375, 0.00390625, 0.3673095703125, -0.3302001953125)","(3.08, -0.93, 3.15)","(-5.5600000000000005, -2.41, 7.7)"
72,3138.993,164,"(-0.97, -4.88, 9.21)","(17.0, 20.75, -29.375)","(0.47555555555555556, -8.094444444444445, -0.3088888888888889)","(1.2377777777777779, -6.456666666666667, 0.11)","(40.75, -21.9375, 14.75)","(0.91290283203125, -0.047119140625, 0.22235107421875, -0.33905029296875)","(-1.44, -5.94, 4.0600000000000005)","(-3.27, -2.18, 8.98)"
73,3183.448,164,"(-4.19, -7.05, 13.43)","(3.0625, 21.5, -42.875)","(0.38555555555555554, -0.8966666666666666, 0.41)","(0.38555555555555554, -0.8966666666666666, 0.41)","(39.3125, -16.5, 11.625)","(0.927001953125, -0.04522705078125, 0.1693115234375, -0.33154296875)","(-1.53, -3.27, 4.12)","(-2.7800000000000002, -1.92, 9.200000000000001)"
74,3227.1079999999997,164,"(-4.47, -2.68, 12.77)","(-3.5, 11.25, -45.6875)","(-0.6877777777777778, 1.7166666666666666, -0.8655555555555555)","(-0.6877777777777778, 1.7166666666666666, -0.8655555555555555)","(41.125, -19.125, 13.875)","(0.91644287109375, -0.0496826171875, 0.19781494140625, -0.34429931640625)","(-1.57, -0.09, 3.48)","(-3.38, -2.27, 8.91)"
75,3269.12,164,"(-5.41, -2.1, 11.06)","(-3.5, 11.25, -45.6875)","(-0.12777777777777777, 2.131111111111111, -0.48)","(-0.09444444444444444, 2.0433333333333334, -0.3933333333333333)","(42.875, -23.3125, 15.1875)","(0.90386962890625, -0.04107666015625, 0.2352294921875, -0.35491943359375)","(-1.6400000000000001, 0.16, 2.07)","(-4.03, -2.38, 8.61)"
76,3309.0,164,"(-6.32, -2.48, 10.73)","(-1.5625, 13.0, -45.0)","(0.32222222222222224, 1.5755555555555556, -0.20444444444444446)","(0.6122222222222222, 1.4111111111111112, -0.1111111111111111)","(43.9375, -26.6875, 15.3125)","(0.89459228515625, -0.026611328125, 0.2618408203125, -0.3612060546875)","(-1.96, -0.49, 2.21)","(-4.5, -2.24, 8.41)"
77,3350.75,164,"(-6.19, -2.81, 9.91)","(1.25, 13.875, -41.5625)","(1.5466666666666666, 1.6622222222222223, 0.31222222222222223)","(1.5466666666666666, 1.6622222222222223, 0.31222222222222223)","(44.625, -29.75, 12.75)","(0.8865966796875, 0.01629638671875, 0.28265380859375, -0.36572265625)","(-1.06, -0.88, 0.61)","(-5.03, -1.74, 8.23)"
78,3394.4869999999996,164,"(-6.75, -2.52, 8.89)","(4.25, 11.6875, -42.0625)","(1.0633333333333332, 2.7955555555555556, 0.29888888888888887)","(1.0633333333333332, 2.7955555555555556, 0.29888888888888887)","(45.375, -36.6875, 9.6875)","(0.87286376953125, 0.055908203125, 0.319091796875, -0.364990234375)","(-1.71, -0.98, 1.57)","(-6.11, -1.24, 7.5600000000000005)"
79,3439.6620000000003,164,"(-5.95, -2.48, 8.17)","(9.5, 9.0625, -43.375)","(0.9388888888888889, 4.8533333333333335, 0.8922222222222222)","(0.9388888888888889, 4.8533333333333335, 0.8922222222222222)","(45.1875, -45.6875, 7.75)","(0.84912109375, 0.10205078125, 0.37890625, -0.35357666015625)","(0.1, -1.45, 1.8900000000000001)","(-7.36, -0.79, 6.42)"
80,3483.956,164,"(-6.3, -1.95, 7.8100000000000005)","(15.75, 8.0, -42.1875)","(0.8833333333333333, 6.588888888888889, 1.708888888888889)","(0.8833333333333333, 6.588888888888889, 1.708888888888889)","(43.75, -58.9375, 3.5)","(0.7940673828125, 0.18511962890625, 0.48681640625, -0.31329345703125)","(2.25, -1.32, 2.3000000000000003)","(-8.71, -0.1, 4.48)"
81,3527.232,164,"(-6.45, -0.48, 3.81)","(27.6875, 6.5625, -36.0)","(1.3855555555555557, 7.656666666666666, 2.557777777777778)","(1.3855555555555557, 7.656666666666666, 2.557777777777778)","(39.1875, -78.0, -26.375)","(0.72540283203125, 0.269775390625, 0.57806396484375, -0.258544921875)","(3.36, -1.21, 0.97)","(-9.67, 1.17, 1.09)"
82,3569.761,164,"(-5.79, 0.9400000000000001, -1.24)","(27.6875, 6.5625, -36.0)","(1.6255555555555556, 7.454444444444444, 2.533333333333333)","(1.4577777777777778, 7.151111111111111, 2.421111111111111)","(34.75, -77.4375, -118.375)","(0.6390380859375, 0.35369873046875, 0.653076171875, -0.2000732421875)","(4.25, -0.96, -0.93)","(-9.450000000000001, 2.04, -1.6400000000000001)"
83,3609.4849999999997,164,"(-4.58, 1.3, -3.2800000000000002)","(38.875, 2.0625, -22.875)","(1.2544444444444445, 5.2988888888888885, 1.4955555555555555)","(1.268888888888889, 4.437777777777778, 1.2333333333333334)","(31.125, -66.5625, -142.875)","(0.56280517578125, 0.40850830078125, 0.70123291015625, -0.156982421875)","(5.42, -0.48, -2.77)","(-8.86, 2.4, -3.44)"
84,3650.835,164,"(-1.55, 3.18, -8.06)","(44.375, -2.0, -6.0625)","(1.1544444444444444, 1.0166666666666666, 0.6844444444444444)","(1.1544444444444444, 1.0166666666666666, 0.6844444444444444)","(31.25, -61.3125, -147.9375)","(0.5218505859375, 0.4454345703125, 0.71240234375, -0.14764404296875)","(6.28, 0.5, -4.29)","(-8.58, 2.49, -4.03)"
85,3694.449,164,"(-2.07, 3.44, -7.140000000000001)","(45.25, 4.5625, 9.0)","(-0.05555555555555555, -1.8355555555555556, -0.3433333333333333)","(-0.05555555555555555, -1.8355555555555556, -0.3433333333333333)","(33.6875, -63.9375, -146.0)","(0.5399169921875, 0.438720703125, 0.699462890625, -0.1634521484375)","(7.0200000000000005, 1.35, -2.68)","(-8.93, 2.32, -3.29)"
86,3739.471,164,"(-2.54, 2.75, -4.29)","(44.375, 8.1875, 13.0)","(0.8811111111111111, -4.7, -1.4355555555555555)","(0.7244444444444444, -5.376666666666667, -1.8766666666666667)","(41.1875, -73.1875, -138.25)","(0.5863037109375, 0.4124755859375, 0.66143798828125, -0.22052001953125)","(6.54, -0.76, -1.56)","(-9.53, 1.6500000000000001, -1.57)"
87,3783.565,164,"(-3.34, -0.71, -1.44)","(44.0, 9.5, 3.875)","(-1.35, -7.69, -4.692222222222222)","(-1.35, -7.69, -4.692222222222222)","(50.0625, -85.75, -3.4375)","(0.67205810546875, 0.29608154296875, 0.5931396484375, -0.32989501953125)","(5.58, -1.97, 1.44)","(-9.73, 0.06, 1.18)"
88,3827.219,164,"(-6.28, -5.95, 7.55)","(39.875, 15.375, -10.6875)","(-3.4922222222222223, -9.762222222222222, -7.1466666666666665)","(-3.4922222222222223, -9.762222222222222, -7.1466666666666665)","(59.9375, -58.75, 31.75)","(0.73516845703125, 0.11236572265625, 0.51690673828125, -0.42388916015625)","(1.61, -3.91, 3.16)","(-7.76, -3.48, 4.87)"
89,3869.26,164,"(-3.75, -8.540000000000001, 6.93)","(39.875, 15.375, -10.6875)","(-7.523333333333333, -6.884444444444444, -7.133333333333334)","(-8.46111111111111, -4.918888888888889, -6.734444444444445)","(64.0, -36.375, 49.0625)","(0.74102783203125, -0.115234375, 0.47222900390625, -0.46319580078125)","(1.62, -4.33, 2.43)","(-5.29, -6.72, 4.78)"
90,3908.953,164,"(-7.3, -13.450000000000001, 8.49)","(25.0625, 21.75, -27.875)","(-7.771111111111111, 0.04666666666666667, -4.815555555555555)","(-5.626666666666667, 0.58, -3.8766666666666665)","(68.6875, -25.5625, 68.625)","(0.672607421875, -0.27593994140625, 0.50982666015625, -0.4599609375)","(-3.68, -7.48, 4.12)","(-4.0200000000000005, -8.44, 2.94)"
91,3950.932,164,"(-7.03, -17.76, 6.54)","(8.375, 40.5, -24.0625)","(1.7833333333333334, 0.8688888888888889, -0.7055555555555556)","(1.7833333333333334, 0.8688888888888889, -0.7055555555555556)","(73.625, -22.4375, 70.375)","(0.6475830078125, -0.281494140625, 0.510009765625, -0.4912109375)","(-3.7, -9.450000000000001, 2.97)","(-3.7600000000000002, -8.48, 3.15)"
92,3995.2709999999997,164,"(-8.700000000000001, -16.43, 6.08)","(3.6875, 49.1875, -16.6875)","(0.4711111111111111, 1.248888888888889, 1.2855555555555556)","(0.4711111111111111, 1.248888888888889, 1.2855555555555556)","(74.25, -25.625, 68.6875)","(0.6492919921875, -0.250732421875, 0.52313232421875, -0.4918212890625)","(-5.46, -6.21, 3.18)","(-4.44, -8.13, 3.19)"
93,4040.058,164,"(-7.890000000000001, -13.31, 5.86)","(3.6875, 47.6875, -17.5)","(1.3477777777777777, 1.948888888888889, 3.3944444444444444)","(1.3477777777777777, 1.948888888888889, 3.3944444444444444)","(70.875, -32.3125, 67.1875)","(0.66717529296875, -0.177490234375, 0.55230712890625, -0.46728515625)","(-1.6400000000000001, -4.65, 2.62)","(-5.59, -7.38, 3.2)"
94,4084.677,164,"(-7.88, -10.040000000000001, 6.15)","(7.875, 46.1875, -20.875)","(2.0844444444444443, 4.485555555555556, 5.057777777777778)","(2.0844444444444443, 4.485555555555556, 5.057777777777778)","(66.3125, -48.1875, 65.4375)","(0.6688232421875, -0.06207275390625, 0.59814453125, -0.4371337890625)","(-0.65, -2.99, 3.43)","(-7.3100000000000005, -5.94, 2.71)"
95,4127.76,164,"(-6.74, -6.19, 3.8000000000000003)","(20.1875, 41.5625, -22.5)","(1.5655555555555556, 6.11, 5.857777777777778)","(1.5655555555555556, 6.11, 5.857777777777778)","(61.6875, -64.5, 73.5)","(0.642822265625, 0.0731201171875, 0.65869140625, -0.38409423828125)","(2.5500000000000003, -1.45, 1.96)","(-9.120000000000001, -3.5100000000000002, 0.6900000000000001)"
96,4169.959000000001,164,"(-5.1000000000000005, -2.96, 0.43)","(20.1875, 41.5625, -22.5)","(1.4866666666666666, 6.678888888888889, 5.721111111111111)","(1.3966666666666667, 6.671111111111111, 5.6033333333333335)","(56.5625, -76.9375, 115.9375)","(0.591064453125, 0.21063232421875, 0.710693359375, -0.31805419921875)","(4.96, -0.04, 0.19)","(-9.56, -1.49, -1.54)"
97,4209.926,164,"(-3.52, -1.61, -2.4)","(35.0625, 32.5, -15.875)","(0.9544444444444444, 5.967777777777778, 5.195555555555556)","(0.5522222222222222, 5.665555555555556, 4.376666666666667)","(47.375, -67.75, -175.8125)","(0.5111083984375, 0.35565185546875, 0.7496337890625, -0.22430419921875)","(6.44, -0.62, -0.03)","(-8.86, 0.58, -4.15)"
98,4259.513,164,"(-2.02, -0.1, -5.68)","(45.5625, 26.0625, 0.0)","(0.10666666666666666, 4.347777777777778, 3.8566666666666665)","(0.04777777777777778, 3.7266666666666666, 3.5855555555555556)","(38.0, -56.4375, -164.0625)","(0.44879150390625, 0.4422607421875, 0.762939453125, -0.14453125)","(5.98, -1.12, -0.84)","(-7.96, 1.73, -5.44)"
99,4306.812,164,"(-2.17, 1.35, -7.22)","(47.0, 22.0, 19.0625)","(0.11, 0.8144444444444444, 2.1644444444444444)","(0.06555555555555556, 0.11333333333333333, 1.7355555555555555)","(29.6875, -50.125, -157.5)","(0.43634033203125, 0.47998046875, 0.752197265625, -0.11578369140625)","(5.32, -0.54, -1.67)","(-7.5200000000000005, 2.49, -5.7700000000000005)"
100,4349.016,164,"(-2.82, 2.14, -6.98)","(46.6875, 18.5, 29.0625)","(-0.3655555555555556, -1.4211111111111112, 0.5355555555555556)","(-0.5255555555555556, -1.7344444444444445, 0.17444444444444446)","(28.5, -51.75, -153.8125)","(0.45709228515625, 0.48541259765625, 0.73614501953125, -0.1163330078125)","(3.81, -0.41000000000000003, -0.9)","(-7.8100000000000005, 2.69, -5.28)"
101,4392.637,164,"(-5.79, 2.19, -5.03)","(45.25, 14.5625, 26.6875)","(-0.9355555555555556, -2.3666666666666667, -0.9433333333333334)","(-0.9355555555555556, -2.3666666666666667, -0.9433333333333334)","(29.4375, -56.5625, -150.5)","(0.50323486328125, 0.45709228515625, 0.72088623046875, -0.13470458984375)","(1.34, -0.14, -0.08)","(-8.32, 2.6, -4.48)"
102,4437.648,36,"(-9.02, 2.19, -3.91)","(45.5625, 13.875, 22.1875)","(-0.8544444444444445, -2.3922222222222222, -1.3644444444444443)","(-0.8422222222222222, -2.341111111111111, -1.35)","(32.25, -64.0, -147.4375)","(0.53955078125, 0.423583984375, 0.710693359375, -0.15618896484375)","(-1.28, -0.9400000000000001, 0.58)","(-8.92, 2.21, -3.4)"
103,4481.965,164,"(-10.47, 1.11, -2.65)","(46.25, 16.0, 13.6875)","(-0.7266666666666667, -2.026666666666667, -1.3888888888888888)","(-0.7266666666666667, -2.026666666666667, -1.3888888888888888)","(34.4375, -69.625, -145.5)","(0.57037353515625, 0.389892578125, 0.70098876953125, -0.177001953125)","(-1.17, -0.73, -0.01)","(-9.26, 1.82, -2.63)"
104,4524.075,36,"(-10.33, 0.9400000000000001, -2.5100000000000002)","(46.5, 16.5, 7.375)","(-0.8922222222222222, -1.2422222222222221, -1.0977777777777777)","(-0.8922222222222222, -1.2422222222222221, -1.0977777777777777)","(35.75, -73.9375, -144.5625)","(0.5966796875, 0.35235595703125, 0.69482421875, -0.192626953125)","(-1.41, -0.72, 0.44)","(-9.46, 1.49, -2.09)"
105,4565.299999999999,164,"(-10.41, 1.04, -1.47)","(46.5, 16.5, 7.375)","(-1.0333333333333334, -0.6133333333333333, -0.6511111111111111)","(-1.0333333333333334, -0.6133333333333333, -0.6511111111111111)","(34.875, -76.875, -143.6875)","(0.6097412109375, 0.32861328125, 0.69525146484375, -0.19183349609375)","(-0.91, -0.22, 0.5)","(-9.55, 1.31, -1.79)"
106,4606.328,164,"(-10.15, 1.27, -1.52)","(47.6875, 17.875, 5.6875)","(-0.9077777777777778, -0.38222222222222224, -0.16555555555555557)","(-0.9077777777777778, -0.38222222222222224, -0.16555555555555557)","(33.125, -77.875, -141.0)","(0.6199951171875, 0.313232421875, 0.6953125, -0.18450927734375)","(-0.54, -0.08, 0.2)","(-9.59, 1.3, -1.55)"
107,4648.545999999999,164,"(-9.75, 1.29, -1.23)","(43.1875, 19.6875, 3.6875)","(-0.7711111111111111, -0.5055555555555555, 0.08)","(-0.7055555555555556, -0.52, 0.11666666666666667)","(31.1875, -78.5625, -135.5625)","(0.631103515625, 0.302978515625, 0.69195556640625, -0.17633056640625)","(-0.19, -0.05, 0.26)","(-9.61, 1.37, -1.32)"
108,4692.767,164,"(-9.65, 1.46, -0.7000000000000001)","(42.5, 19.25, 2.75)","(-0.6711111111111111, -0.4411111111111111, 0.17222222222222222)","(-0.6711111111111111, -0.4411111111111111, 0.17222222222222222)","(29.3125, -79.0, -128.9375)","(0.64422607421875, 0.29339599609375, 0.68658447265625, -0.16595458984375)","(0.14, 0.12, 0.28)","(-9.620000000000001, 1.47, -1.12)"
109,4737.773,36,"(-9.57, 1.49, -0.56)","(42.0625, 19.1875, 1.5625)","(-0.46444444444444444, -0.25, 0.1922222222222222)","(-0.42333333333333334, -0.20333333333333334, 0.16777777777777778)","(27.375, -79.0625, -122.5)","(0.651123046875, 0.28912353515625, 0.68353271484375, -0.1588134765625)","(0.25, -0.13, 0.15)","(-9.620000000000001, 1.57, -0.97)"
110,4780.664,164,"(-9.47, 1.42, -0.8)","(43.1875, 19.0625, -0.5)","(-0.4222222222222222, -0.011111111111111112, -0.09222222222222222)","(-0.4222222222222222, -0.011111111111111112, -0.09222222222222222)","(26.4375, -79.125, -120.6875)","(0.6544189453125, 0.28411865234375, 0.68359375, -0.1539306640625)","(0.22, -0.01, 0.0)","(-9.63, 1.57, -0.93)"
111,4822.992,164,"(-9.450000000000001, 1.6300000000000001, -0.93)","(43.1875, 19.0625, -0.5)","(-0.4722222222222222, 0.023333333333333334, -0.3244444444444444)","(-0.4722222222222222, 0.023333333333333334, -0.3244444444444444)","(25.875, -79.5625, -121.4375)","(0.65582275390625, 0.27520751953125, 0.6865234375, -0.15093994140625)","(0.14, 0.13, 0.12)","(-9.65, 1.47, -0.91)"
112,4863.005,164,"(-9.44, 1.53, -0.99)","(44.6875, 19.6875, -0.5625)","(-0.34, -0.06777777777777778, -0.4077777777777778)","(-0.34, -0.06777777777777778, -0.4077777777777778)","(25.75, -80.3125, -122.6875)","(0.65765380859375, 0.26275634765625, 0.689697265625, -0.15087890625)","(0.15, 0.12, -0.13)","(-9.67, 1.34, -0.87)"
113,4904.237,164,"(-9.59, 1.3, -0.9)","(43.1875, 21.0625, 0.0625)","(-0.3377777777777778, -0.10222222222222223, -0.45666666666666667)","(-0.3377777777777778, -0.10222222222222223, -0.45666666666666667)","(26.0, -81.4375, -124.6875)","(0.6591796875, 0.25244140625, 0.69171142578125, -0.152587890625)","(0.04, 0.0, -0.03)","(-9.69, 1.19, -0.8200000000000001)"
114,4946.833,164,"(-9.72, 1.11, -0.84)","(40.5625, 21.75, 1.375)","(-0.3088888888888889, -0.06222222222222222, -0.46555555555555556)","(-0.3088888888888889, -0.06222222222222222, -0.46555555555555556)","(26.3125, -82.375, -127.4375)","(0.66015625, 0.2423095703125, 0.6939697265625, -0.1546630859375)","(-0.04, -0.02, -0.07)","(-9.72, 0.99, -0.78)"
115,4990.4890000000005,164,"(-9.91, 0.85, -0.72)","(43.5625, 21.375, 1.6875)","(-0.21333333333333332, -0.021111111111111112, -0.4077777777777778)","(-0.21333333333333332, -0.021111111111111112, -0.4077777777777778)","(26.75, -83.125, -131.1875)","(0.6602783203125, 0.233642578125, 0.69622802734375, -0.15716552734375)","(-0.22, -0.01, 0.02)","(-9.73, 0.84, -0.76)"
116,0.0,164,"(-9.86, 0.29, 0.07)","(41.375, 27.875, -2.875)","(-0.08777777777777777, -0.57, -0.17222222222222222)","(-0.08222222222222222, -0.6144444444444445, -0.17444444444444446)","(25.0, -88.75, -0.6875)","(0.69610595703125, 0.16064453125, 0.68243408203125, -0.1546630859375)","(-0.16, 0.12, 0.04)","(-9.8, 0.1, 0.22)"
117,44.735,164,"(-10.08, 0.06, 0.54)","(41.0, 29.0625, -4.5)","(-0.06888888888888889, -0.5544444444444444, -0.10444444444444445)","(-0.06888888888888889, -0.5544444444444444, -0.10444444444444445)","(25.1875, -87.625, -0.375)","(0.70538330078125, 0.15521240234375, 0.67340087890625, -0.15789794921875)","(-0.36, 0.0, 0.14)","(-9.790000000000001, 0.06, 0.44)"
118,90.217,164,"(-10.33, 0.08, 0.68)","(38.375, 27.5625, -4.0625)","(-0.035555555555555556, -0.18, -0.012222222222222223)","(-0.035555555555555556, -0.18, -0.012222222222222223)","(25.1875, -86.875, -0.3125)","(0.7083740234375, 0.15374755859375, 0.67047119140625, -0.1583251953125)","(-0.58, 0.01, 0.28)","(-9.790000000000001, 0.05, 0.53)"
119,133.658,164,"(-10.34, 0.21, 0.8200000000000001)","(40.5625, 28.25, -5.75)","(0.0, -0.04777777777777778, 0.017777777777777778)","(0.024444444444444446, -0.021111111111111112, 0.051111111111111114)","(25.125, -86.6875, -0.3125)","(0.70941162109375, 0.15380859375, 0.66937255859375, -0.15814208984375)","(-0.63, 0.18, 0.21)","(-9.790000000000001, 0.07, 0.55)"
120,174.694,36,"(-10.450000000000001, 0.29, 0.75)","(40.5625, 28.25, -5.75)","(0.1, 0.04666666666666667, 0.13)","(0.11444444444444445, 0.05555555555555555, 0.15444444444444444)","(25.0, -86.6875, -0.625)","(0.70928955078125, 0.15673828125, 0.66900634765625, -0.157470703125)","(-0.76, 0.22, 0.27)","(-9.790000000000001, 0.13, 0.54)"
121,214.644,164,"(-10.63, 0.42, 0.8300000000000001)","(39.875, 27.5625, -5.0)","(0.2311111111111111, 0.09555555555555556, 0.3)","(0.2311111111111111, 0.09555555555555556, 0.3)","(24.8125, -86.6875, -1.1875)","(0.70880126953125, 0.16253662109375, 0.66845703125, -0.15618896484375)","(-0.76, 0.36, 0.3)","(-9.78, 0.24, 0.51)"
122,256.899,164,"(-10.39, 0.71, 0.72)","(37.5625, 27.1875, -3.75)","(0.5111111111111111, 0.09888888888888889, 0.47444444444444445)","(0.5111111111111111, 0.09888888888888889, 0.47444444444444445)","(24.6875, -86.25, -2.4375)","(0.707275390625, 0.17681884765625, 0.66668701171875, -0.15496826171875)","(-0.46, 0.42, 0.05)","(-9.78, 0.42, 0.47000000000000003)"
123,300.118,164,"(-10.21, 1.29, 0.53)","(39.0625, 25.5625, -4.1875)","(0.4777777777777778, -0.034444444444444444, 0.5188888888888888)","(0.4777777777777778, -0.034444444444444444, 0.5188888888888888)","(24.625, -85.375, -3.625)","(0.70721435546875, 0.19012451171875, 0.6632080078125, -0.154541015625)","(-0.36, 0.77, 0.15)","(-9.77, 0.68, 0.48)"
124,343.952,164,"(-9.620000000000001, 1.49, 0.78)","(37.5625, 24.75, -4.1875)","(0.6355555555555555, -0.6022222222222222, 0.5222222222222223)","(0.6355555555555555, -0.6022222222222222, 0.5222222222222223)","(24.5625, -83.875, -4.875)","(0.7138671875, 0.2061767578125, 0.65069580078125, -0.15655517578125)","(0.5700000000000001, 0.5, 0.05)","(-9.74, 0.88, 0.66)"
125,388.17400000000004,164,"(-8.78, 1.42, 0.54)","(39.0625, 23.0, -7.1875)","(0.7666666666666667, -0.84, 0.28888888888888886)","(0.7666666666666667, -0.84, 0.28888888888888886)","(25.4375, -82.125, -48.9375)","(0.7218017578125, 0.21820068359375, 0.63568115234375, -0.1650390625)","(1.59, 0.39, -0.37)","(-9.700000000000001, 1.03, 0.9400000000000001)"
126,431.211,164,"(-6.51, 1.87, 0.76)","(38.375, 23.0, -7.5)","(0.9333333333333333, -0.9811111111111112, -0.1511111111111111)","(0.9333333333333333, -0.9811111111111112, -0.1511111111111111)","(27.875, -80.375, 2008.75)","(0.7291259765625, 0.22625732421875, 0.6199951171875, -0.1810302734375)","(3.64, 1.01, -0.61)","(-9.65, 1.0, 1.36)"
127,473.51500000000004,164,"(-4.12, 2.14, -0.33)","(38.375, 23.0, 2040.5)","(1.4055555555555554, -1.6733333333333333, -0.9555555555555556)","(1.2766666666666666, -1.9166666666666667, -1.2166666666666666)","(32.5, -78.375, -23.9375)","(0.7384033203125, 0.22918701171875, 0.5965576171875, -0.21539306640625)","(5.96, 1.43, -2.37)","(-9.57, 0.68, 1.99)"
128,513.524,164,"(-2.94, 1.02, 0.99)","(38.0, 20.6875, -10.0625)","(0.8, -4.335555555555556, -2.128888888888889)","(0.8, -4.335555555555556, -2.128888888888889)","(38.3125, -72.5625, -4.375)","(0.760986328125, 0.20794677734375, 0.55462646484375, -0.2646484375)","(6.49, -0.33, 0.0)","(-9.19, 0.04, 3.4)"
129,555.354,164,"(-1.78, -1.17, 4.78)","(35.0, 20.5625, -11.6875)","(0.4022222222222222, -9.04111111111111, -2.088888888888889)","(0.4022222222222222, -9.04111111111111, -2.088888888888889)","(43.75, -56.6875, 4.75)","(0.83343505859375, 0.134521484375, 0.41204833984375, -0.3427734375)","(5.33, -1.68, 1.4000000000000001)","(-7.63, -0.5700000000000001, 6.12)"
130,599.256,164,"(-2.2600000000000002, -3.3000000000000003, 10.19)","(26.6875, 22.375, -20.875)","(-0.3244444444444444, -11.264444444444445, -0.8477777777777777)","(-0.3244444444444444, -11.264444444444445, -0.8477777777777777)","(45.9375, -27.0625, 5.75)","(0.8939208984375, 0.04888916015625, 0.23406982421875, -0.37908935546875)","(3.74, -2.24, 1.8800000000000001)","(-3.66, -0.9400000000000001, 9.040000000000001)"
131,643.9820000000001,164,"(-3.52, -4.9, 16.15)","(6.1875, 20.375, -32.1875)","(-0.06333333333333334, -4.79, -0.19555555555555557)","(-0.06333333333333334, -4.79, -0.19555555555555557)","(45.75, -11.6875, 5.875)","(0.91644287109375, -0.0145263671875, 0.09881591796875, -0.38751220703125)","(-1.27, -2.68, 7.140000000000001)","(-1.6600000000000001, -1.01, 9.61)"
132,688.0540000000001,164,"(-3.47, -2.5100000000000002, 17.05)","(-8.0625, 10.5625, -44.1875)","(-0.5655555555555556, -1.0244444444444445, -0.3622222222222222)","(-0.5655555555555556, -1.0244444444444445, -0.3622222222222222)","(46.1875, 2041.1875, -0.0625)","(0.916015625, -0.0345458984375, 0.07757568359375, -0.39215087890625)","(-2.36, -1.11, 6.55)","(-1.12, -1.21, 9.66)"
133,731.2570000000001,164,"(-4.45, -2.15, 17.02)","(-11.25, 7.75, -43.25)","(-0.7666666666666667, 1.3633333333333333, -0.23666666666666666)","(-0.7666666666666667, 1.3633333333333333, -0.23666666666666666)","(46.9375, -8.75, 8.8125)","(0.9117431640625, -0.03936767578125, 0.10113525390625, -0.3961181640625)","(-3.31, -0.59, 6.25)","(-1.69, -1.51, 9.53)"
134,773.696,164,"(-5.8100000000000005, -2.0100000000000002, 15.450000000000001)","(-11.25, 7.75, -43.25)","(0.7266666666666667, 2.7577777777777777, -0.0044444444444444444)","(1.1755555555555555, 3.091111111111111, 0.03)","(47.625, -14.4375, 8.0)","(0.90533447265625, -0.01165771484375, 0.1429443359375, -0.39971923828125)","(-3.7600000000000002, -0.61, 4.87)","(-2.7600000000000002, -1.19, 9.33)"
135,813.5949999999999,164,"(-6.74, -2.12, 13.63)","(-7.5625, 9.875, -42.25)","(1.6311111111111112, 5.668888888888889, 0.024444444444444446)","(1.6377777777777778, 6.542222222222223, 0.052222222222222225)","(49.0, -27.8125, 4.125)","(0.88262939453125, 0.06982421875, 0.23291015625, -0.40228271484375)","(-1.85, -1.51, 3.63)","(-5.18, -0.49, 8.3)"
136,862.651,164,"(-5.14, -1.7, 9.33)","(-3.75, 7.6875, -42.6875)","(1.6311111111111112, 9.04, 0.4211111111111111)","(1.6433333333333333, 9.566666666666666, 0.6266666666666667)","(49.75, -46.5625, 0.5)","(0.833251953125, 0.16339111328125, 0.36004638671875, -0.38653564453125)","(2.7, -1.3900000000000001, 1.43)","(-7.72, 0.1, 6.04)"
137,904.529,164,"(-4.93, -1.01, 3.45)","(10.0, 2.875, -43.5625)","(1.35, 9.675555555555556, 1.4222222222222223)","(1.35, 9.675555555555556, 1.4222222222222223)","(48.6875, -67.8125, -9.5)","(0.733154296875, 0.28704833984375, 0.5228271484375, -0.32672119140625)","(3.73, -1.11, -1.9100000000000001)","(-9.35, 0.77, 2.82)"
138,947.994,164,"(-4.97, -0.08, 0.37)","(27.0, -0.375, -34.5625)","(0.8011111111111111, 7.263333333333334, 1.3633333333333333)","(0.8011111111111111, 7.263333333333334, 1.3633333333333333)","(44.9375, -82.1875, -89.375)","(0.65374755859375, 0.35650634765625, 0.610107421875, -0.27069091796875)","(6.23, -0.52, -1.75)","(318.0, 1.45, -0.51)"
139,993.306,164,"(-2.57, 1.69, -4.19)","(40.5, -2.0, -18.25)","(1.3455555555555556, 4.206666666666667, 1.3888888888888888)","(1.2977777777777777, 3.601111111111111, 1.4266666666666667)","(43.25, -75.25, -134.125)","(0.5963134765625, 0.40997314453125, 0.6483154296875, -0.23663330078125)","(7.12, -0.09, -2.7)","(-9.4, 1.8900000000000001, -2.02)"
140,1037.731,164,"(-2.0100000000000002, 1.99, -5.21)","(45.6875, -4.25, -5.875)","(0.7633333333333333, 1.4233333333333333, 1.4477777777777778)","(0.7633333333333333, 1.4233333333333333, 1.4477777777777778)","(41.375, -69.5625, -139.25)","(0.5645751953125, 0.45550537109375, 0.6552734375, -0.210693359375)","(7.3500000000000005, -0.14, -2.56)","(-9.13, 2.33, -2.68)"
141,1081.426,164,"(-1.9000000000000001, 2.88, -5.19)","(46.5, -3.75, 0.25)","(0.4633333333333333, -0.8444444444444444, 0.71)","(0.4633333333333333, -0.8444444444444444, 0.71)","(40.875, -68.375, -134.5625)","(0.57049560546875, 0.46832275390625, 0.6402587890625, -0.21270751953125)","(6.84, 0.3, -2.54)","(-9.16, 2.5500000000000003, -2.35)"
142,1123.686,164,"(-3.02, 2.49, -4.01)","(46.5, -3.75, 0.25)","(0.25555555555555554, -3.621111111111111, -0.6766666666666666)","(0.11, -4.364444444444445, -1.1544444444444444)","(45.0625, -73.6875, -120.9375)","(0.60400390625, 0.45135498046875, 0.6070556640625, -0.2509765625)","(5.79, -0.62, -1.32)","(-9.5, 2.2, 326.73)"
143,1163.593,164,"(-4.43, 0.38, -0.53)","(45.25, -2.75, 0.875)","(-1.2222222222222223, -7.477777777777778, -3.7044444444444444)","(-1.2222222222222223, -7.477777777777778, -3.7044444444444444)","(52.4375, -80.25, -56.25)","(0.663330078125, 0.3800048828125, 0.55548095703125, -0.32708740234375)","(4.96, -2.14, 1.87)","(-9.61, 0.9500000000000001, 1.69)"
144,1205.3259999999998,164,"(-3.97, -3.41, 6.9)","(40.0625, -0.25, -7.6875)","(-3.4877777777777776, -10.013333333333334, -6.225555555555555)","(-3.4877777777777776, -10.013333333333334, -6.225555555555555)","(60.375, -64.0, 10.875)","(0.7437744140625, 0.1749267578125, 0.46282958984375, -0.449462890625)","(1.87, -5.0600000000000005, 4.29)","(-8.290000000000001, -1.52, 5.0)"
145,1249.261,164,"(-4.62, -7.43, 8.44)","(30.5, 6.5, -23.1875)","(-6.481111111111111, -9.037777777777778, -6.633333333333334)","(-6.481111111111111, -9.037777777777778, -6.633333333333334)","(67.75, -33.1875, 34.625)","(0.7625732421875, -0.04888916015625, 0.39178466796875, -0.512451171875)","(2.43, -4.19, 2.64)","(-4.64, -5.37, 6.76)"
146,1294.0259999999998,164,"(-4.92, -9.39, 11.3)","(12.25, 14.75, -36.6875)","(-5.655555555555556, -4.33, -3.678888888888889)","(-5.655555555555556, -4.33, -3.678888888888889)","(70.75, -17.375, 48.0625)","(0.73760986328125, -0.2239990234375, 0.36212158203125, -0.5240478515625)","(-0.55, -5.82, 4.29)","(-2.54, -7.33, 5.99)"
147,1338.106,164,"(-4.11, -15.780000000000001, 10.76)","(0.875, 30.0625, -33.375)","(-1.2555555555555555, -1.4555555555555555, -0.43666666666666665)","(-1.2555555555555555, -1.4555555555555555, -0.43666666666666665)","(70.125, -11.5625, 54.625)","(0.72540283203125, -0.30645751953125, 0.35009765625, -0.5072021484375)","(-2.4, -9.46, 5.82)","(-1.93, -7.84, 5.5600000000000005)"
148,1381.365,164,"(-6.65, -12.66, 11.68)","(-4.75, 31.0, -32.5625)","(1.0, 0.91, 0.2311111111111111)","(1.0, 0.91, 0.2311111111111111)","(70.1875, -12.625, 53.0)","(0.7286376953125, -0.28692626953125, 0.352294921875, -0.51251220703125)","(-4.8500000000000005, -4.8500000000000005, 6.140000000000001)","(-2.2600000000000002, -7.62, 5.73)"
149,1423.21,164,"(-6.15, -13.18, 11.03)","(-4.75, 31.0, -32.5625)","(-0.34555555555555556, 2.0277777777777777, 0.8455555555555555)","(-0.26222222222222225, 2.4, 1.1622222222222223)","(70.5625, -16.5, 53.9375)","(0.72174072265625, -0.26483154296875, 0.3843994140625, -0.5111083984375)","(-3.48, -5.67, 5.2)","(-3.04, -7.5600000000000005, 5.44)"
150,1462.934,164,"(-5.73, -12.57, 9.370000000000001)","(-4.75, 25.5, -34.0)","(0.45555555555555555, 4.22, 2.276666666666667)","(0.7511111111111111, 4.974444444444444, 2.6944444444444446)","(70.375, -25.125, 54.875)","(0.71246337890625, -0.20635986328125, 0.444091796875, -0.5025634765625)","(-0.11, -4.37, 4.1)","(-4.65, -7.08, 4.93)"
151,1504.908,164,"(-4.78, -9.77, 8.47)","(0.5625, 25.5, -33.5)","(1.451111111111111, 7.282222222222222, 4.22)","(1.451111111111111, 7.282222222222222, 4.22)","(70.125, -39.75, 56.875)","(0.68096923828125, -0.0599365234375, 0.5528564453125, -0.4764404296875)","(1.7, -1.79, 3.37)","(-6.82, -5.96, 3.74)"
152,1548.665,36,"(-4.22, -6.2, 4.87)","(12.375, 22.75, -34.1875)","(1.83, 8.152222222222223, 5.433333333333334)","(1.81, 8.2, 5.681111111111111)","(68.0, -62.4375, 67.8125)","(0.635009765625, 0.092529296875, 0.635986328125, -0.4287109375)","(4.89, 0.65, -0.2)","(-9.02, -3.67, 1.08)"
153,1595.881,164,"(-3.04, -0.77, -1.25)","(32.0625, 17.875, -27.5625)","(0.47444444444444445, 7.625555555555556, 5.578888888888889)","(0.47444444444444445, 7.625555555555556, 5.578888888888889)","(63.0, -76.125, 113.1875)","(0.55780029296875, 0.26727294921875, 0.71392822265625, -0.32818603515625)","(6.78, 0.39, -0.07)","(-9.53, -1.67, -1.59)"
154,1641.543,36,"(-2.44, -0.79, -3.68)","(47.25, 11.1875, -13.25)","(-1.5633333333333332, 6.128888888888889, 5.1)","(-1.4566666666666668, 5.592222222222222, 4.677777777777778)","(47.625, -66.8125, -175.75)","(0.50421142578125, 0.36083984375, 0.7523193359375, -0.22271728515625)","(6.73, -1.2, -0.24)","(-8.8, 0.7000000000000001, -4.25)"
155,1686.749,164,"(-1.32, 0.99, -5.53)","(46.25, 20.5, 11.6875)","(-0.3488888888888889, 2.5633333333333335, 4.025555555555555)","(-0.3488888888888889, 2.5633333333333335, 4.025555555555555)","(34.375, -56.75, -160.0)","(0.46630859375, 0.4461669921875, 0.7520751953125, -0.1336669921875)","(6.9, 0.13, -1.5)","(-8.040000000000001, 2.1, -5.19)"
156,1730.364,164,"(-2.0, 2.71, -6.88)","(46.5625, 14.375, 20.375)","(0.21444444444444444, -0.3377777777777778, 1.8988888888888888)","(0.21444444444444444, -0.3377777777777778, 1.8988888888888888)","(28.0, -53.0625, -152.5)","(0.46905517578125, 0.47857666015625, 0.73291015625, -0.1171875)","(5.5600000000000005, 0.04, -1.47)","(-7.84, 2.71, -5.22)"
157,1776.322,164,"(-4.1, 2.82, -5.04)","(46.5625, 14.375, 20.375)","(-0.4622222222222222, -2.402222222222222, -0.4033333333333333)","(-0.4622222222222222, -2.402222222222222, -0.4033333333333333)","(28.75, -56.5625, -148.0625)","(0.4996337890625, 0.47442626953125, 0.71331787109375, -0.1282958984375)","(3.19, -0.19, -0.4)","(-8.31, 2.81, -4.37)"
158,1817.1999999999998,164,"(-7.19, 2.59, -3.7800000000000002)","(45.375, 10.5, 21.0625)","(-0.6755555555555556, -2.7222222222222223, -1.7477777777777779)","(-0.6755555555555556, -2.7222222222222223, -1.7477777777777779)","(32.5, -62.9375, -145.375)","(0.54583740234375, 0.43426513671875, 0.69732666015625, -0.16510009765625)","(0.47000000000000003, -0.1, 0.03)","(-8.870000000000001, 2.39, -3.42)"
159,1858.5149999999999,164,"(-9.48, 1.31, -2.95)","(43.0, 8.375, 14.0625)","(-0.6355555555555555, -2.5155555555555558, -2.3344444444444443)","(-0.6355555555555555, -2.5155555555555558, -2.3344444444444443)","(38.375, -72.125, -146.0625)","(0.5765380859375, 0.38873291015625, 0.6900634765625, -0.20086669921875)","(-0.74, -1.1400000000000001, -0.14)","(-9.42, 1.45, -2.2800000000000002)"
160,1901.956,164,"(-10.51, 0.27, -2.63)","(44.75, 10.75, 7.0625)","(-0.7355555555555555, -2.0444444444444443, -2.652222222222222)","(-0.8922222222222222, -1.93, -2.661111111111111)","(42.875, -79.0, -155.25)","(0.598388671875, 0.33697509765625, 0.68780517578125, -0.23529052734375)","(-0.6, -0.89, -0.52)","(-9.67, 0.54, -1.52)"
161,1946.019,36,"(-9.9, -0.85, -1.1)","(42.5, 11.875, 1.0)","(-1.2144444444444444, -2.0411111111111113, -2.531111111111111)","(-1.2144444444444444, -2.0411111111111113, -2.531111111111111)","(45.875, -84.1875, 179.1875)","(0.62335205078125, 0.26617431640625, 0.68463134765625, -0.26812744140625)","(-0.16, -0.9500000000000001, 0.46)","(-9.76, -0.34, -0.77)"
162,1991.765,36,"(-9.03, -2.05, -0.66)","(42.0625, 17.25, -4.75)","(-0.8566666666666667, -2.7488888888888887, -2.2255555555555557)","(-0.9155555555555556, -2.8, -2.2177777777777776)","(48.9375, -83.0, 81.0625)","(0.6495361328125, 0.21148681640625, 0.667724609375, -0.29571533203125)","(1.01, -1.03, -0.81)","(-9.69, -1.3800000000000001, 0.43)"
163,2036.437,164,"(-8.92, -3.09, 1.47)","(40.1875, 20.25, -11.25)","(-1.6555555555555554, -3.0644444444444443, -2.3022222222222224)","(-1.6555555555555554, -3.0644444444444443, -2.3022222222222224)","(50.0625, -76.0625, 60.4375)","(0.68524169921875, 0.13128662109375, 0.6402587890625, -0.32135009765625)","(-0.09, -0.56, 1.58)","(-9.43, -2.27, 1.42)"
164,2080.479,164,"(-8.46, -3.0300000000000002, 2.07)","(34.5625, 23.5625, -12.75)","(-1.2933333333333332, -3.8355555555555556, -1.9211111111111112)","(-1.2933333333333332, -3.8355555555555556, -1.9211111111111112)","(50.375, -65.75, 49.8125)","(0.719482421875, 0.0657958984375, 0.602783203125, -0.338623046875)","(0.5, -0.26, -0.2)","(-8.790000000000001, -3.27, 2.86)"
165,2122.086,36,"(-8.41, -4.68, 4.42)","(34.5625, 23.5625, -12.75)","(-1.97, -3.3255555555555554, -1.7466666666666666)","(-1.97, -3.3255555555555554, -1.7466666666666666)","(49.625, -57.9375, 48.125)","(0.7467041015625, -0.00152587890625, 0.56842041015625, -0.34552001953125)","(0.21, -0.8200000000000001, 0.93)","(-8.16, -4.05, 3.61)"
166,2162.221,164,"(-7.96, -5.11, 4.7700000000000005)","(31.6875, 25.0625, -21.875)","(-1.3488888888888888, -2.0944444444444446, -1.0155555555555555)","(-1.0922222222222222, -1.7355555555555555, -0.7688888888888888)","(48.625, -52.8125, 48.375)","(0.76263427734375, -0.0498046875, 0.5450439453125, -0.3448486328125)","(-0.61, -0.8, 1.35)","(-7.73, -4.5, 4.0)"
167,2204.7490000000003,164,"(-8.34, -5.32, 5.5600000000000005)","(23.1875, 27.6875, -23.875)","(-0.4922222222222222, -0.7933333333333333, -0.13444444444444445)","(-0.4922222222222222, -0.7933333333333333, -0.13444444444444445)","(47.75, -50.6875, 48.1875)","(0.77227783203125, -0.0728759765625, 0.5313720703125, -0.3404541015625)","(-0.72, -0.64, 1.21)","(-7.5600000000000005, -4.65, 4.16)"
168,2248.191,164,"(-8.4, -5.12, 5.41)","(19.75, 29.375, -24.6875)","(-0.38333333333333336, -0.2, -0.028888888888888888)","(-0.38333333333333336, -0.2, -0.028888888888888888)","(47.0, -50.0, 48.375)","(0.77447509765625, -0.080078125, 0.52947998046875, -0.3367919921875)","(-0.97, -0.12, 1.17)","(-7.5, -4.74, 4.16)"
169,2295.417,164,"(-8.35, -4.73, 5.2700000000000005)","(19.875, 30.1875, -24.25)","(-0.6155555555555555, -0.2877777777777778, -0.23444444444444446)","(-0.6155555555555555, -0.2877777777777778, -0.23444444444444446)","(46.5625, -49.375, 49.5625)","(0.774658203125, -0.0953369140625, 0.529296875, -0.33270263671875)","(-0.35000000000000003, 0.28, 0.8)","(-7.390000000000001, -4.93, 4.13)"
170,2344.882,164,"(-7.72, -4.7, 4.83)","(17.6875, 31.25, -24.25)","(-0.3433333333333333, -0.24333333333333335, -0.10333333333333333)","(-0.3433333333333333, -0.24333333333333335, -0.10333333333333333)","(46.125, -48.4375, 50.3125)","(0.7762451171875, -0.10614013671875, 0.5267333984375, -0.32977294921875)","(-0.3, 0.32, 0.75)","(-7.33, -5.0200000000000005, 4.14)"
171,2390.767,164,"(-7.4, -4.7700000000000005, 4.65)","(16.875, 30.5, -21.75)","(-0.16666666666666666, -0.13777777777777778, 0.03777777777777778)","(-0.16666666666666666, -0.13777777777777778, 0.03777777777777778)","(45.625, -48.1875, 50.5625)","(0.7774658203125, -0.109619140625, 0.52581787109375, -0.3271484375)","(-0.18, 0.36, 0.37)","(-7.3100000000000005, -5.04, 4.16)"
172,2434.371,164,"(-7.22, -4.63, 4.36)","(17.25, 32.375, -25.5)","(-0.003333333333333333, -0.25333333333333335, 0.09222222222222222)","(-0.003333333333333333, -0.25333333333333335, 0.09222222222222222)","(45.25, -48.0, 50.0)","(0.7802734375, -0.11029052734375, 0.5225830078125, -0.325439453125)","(-0.28, 0.46, 0.17)","(-7.28, -5.0, 4.24)"
173,2477.382,164,"(-7.49, -4.32, 4.54)","(17.25, 32.375, -25.5)","(-0.07444444444444444, -0.45666666666666667, 0.13333333333333333)","(-0.07444444444444444, -0.45666666666666667, 0.13333333333333333)","(44.6875, -47.6875, 48.8125)","(0.78680419921875, -0.11083984375, 0.5147705078125, -0.32196044921875)","(-0.05, 0.33, 0.1)","(-7.24, -4.96, 4.36)"
174,2518.353,164,"(-7.29, -4.83, 4.26)","(18.75, 32.25, -24.6875)","(-0.09777777777777778, -0.46555555555555556, 0.13444444444444445)","(-0.09777777777777778, -0.46555555555555556, 0.13444444444444445)","(43.6875, -47.125, 47.8125)","(0.7919921875, -0.11395263671875, 0.5086669921875, -0.31787109375)","(-0.15, 0.07, -0.11)","(-7.19, -4.94, 4.47)"
175,2559.8,164,"(-7.33, -4.93, 4.72)","(18.0625, 31.5625, -22.75)","(-0.22666666666666666, -0.45, 0.16777777777777778)","(-0.22666666666666666, -0.45, 0.16777777777777778)","(42.75, -46.75, 47.25)","(0.7967529296875, -0.11846923828125, 0.50360107421875, -0.31231689453125)","(-0.22, 0.1, 0.08)","(-7.13, -4.91, 4.58)"
176,2604.016,164,"(-7.3100000000000005, -4.7700000000000005, 4.62)","(15.5, 30.0625, -23.0625)","(0.2866666666666667, -0.36666666666666664, 0.3711111111111111)","(0.2866666666666667, -0.36666666666666664, 0.3711111111111111)","(41.9375, -46.625, 45.6875)","(0.80303955078125, -0.11529541015625, 0.4969482421875, -0.30792236328125)","(-0.16, 0.04, 0.0)","(-7.13, -4.7700000000000005, 4.73)"
177,2647.131,164,"(-7.57, -4.65, 4.84)","(15.5, 30.5, -23.0625)","(0.33555555555555555, -0.17666666666666667, 0.4)","(0.33555555555555555, -0.17666666666666667, 0.4)","(41.1875, -46.875, 43.9375)","(0.809326171875, -0.10614013671875, 0.49163818359375, -0.30328369140625)","(-0.24, 0.54, 0.48)","(-7.17, -4.6000000000000005, 4.84)"
178,2691.906,36,"(-7.42, -3.37, 5.38)","(15.0625, 29.6875, -24.6875)","(0.9444444444444444, 0.12, 0.37666666666666665)","(1.0966666666666667, 0.25555555555555554, 0.39555555555555555)","(41.125, -47.6875, 41.25)","(0.812255859375, -0.08984375, 0.48907470703125, -0.30487060546875)","(-0.19, 1.27, -0.12)","(-7.29, -4.2700000000000005, 4.96)"
179,2736.3379999999997,164,"(-7.45, -3.83, 4.71)","(17.375, 28.5625, -28.875)","(0.5433333333333333, 1.1288888888888888, 0.25)","(0.5433333333333333, 1.1288888888888888, 0.25)","(41.6875, -49.4375, 40.0)","(0.80548095703125, -0.066650390625, 0.5020751953125, -0.3077392578125)","(0.13, 0.48, -1.01)","(-7.5200000000000005, -4.08, 4.7700000000000005)"
180,2779.216,164,"(-6.76, -3.83, 3.2800000000000002)","(18.875, 25.5625, -28.375)","(-1.17, 1.978888888888889, -0.35777777777777775)","(-1.17, 1.978888888888889, -0.35777777777777775)","(41.9375, -52.25, 44.9375)","(0.784423828125, -0.07391357421875, 0.5364990234375, -0.30230712890625)","(-0.01, 0.9400000000000001, -0.16)","(-7.8100000000000005, -4.3100000000000005, 4.05)"
181,2821.416,36,"(-9.19, -3.14, 7.22)","(18.875, 25.5625, -28.375)","(0.24222222222222223, 1.0833333333333333, -0.3011111111111111)","(0.24222222222222223, 1.0833333333333333, -0.3011111111111111)","(43.5625, -54.0625, 50.75)","(0.76861572265625, -0.07305908203125, 0.55615234375, -0.3074951171875)","(-0.1, 0.12, 0.37)","(-7.94, -4.47, 3.6)"
182,2862.668,164,"(-7.45, -4.26, 3.11)","(23.375, 21.875, -24.75)","(0.25666666666666665, 0.49, -0.7088888888888889)","(0.21555555555555556, 0.42333333333333334, -0.7688888888888888)","(45.75, -53.6875, 52.4375)","(0.759765625, -0.07208251953125, 0.56097412109375, -0.3206787109375)","(0.54, 0.66, -0.46)","(-7.88, -4.65, 3.5100000000000002)"
183,2904.722,164,"(-7.3100000000000005, -4.82, 2.36)","(23.0, 21.5, -23.0625)","(-0.06333333333333334, 0.2111111111111111, -0.8755555555555555)","(-0.06333333333333334, 0.2111111111111111, -0.8755555555555555)","(47.8125, -52.5625, 54.5)","(0.75, -0.08056640625, 0.5634765625, -0.3369140625)","(0.21, 0.38, 0.15)","(-7.75, -4.9, 3.45)"
184,2948.137,164,"(-6.68, -3.62, 3.5)","(22.25, 22.0, -23.5)","(1.1611111111111112, -0.27444444444444444, -0.8133333333333334)","(1.1611111111111112, -0.27444444444444444, -0.8133333333333334)","(51.1875, -50.5, 53.5)","(0.74835205078125, -0.07647705078125, 0.55255126953125, -0.35888671875)","(1.59, 1.21, -0.53)","(-7.51, -5.0200000000000005, 3.8000000000000003)"
185,2993.065,164,"(-8.02, -4.2700000000000005, 2.29)","(21.5, 23.0625, -24.0)","(0.9222222222222223, -0.5622222222222222, -1.1277777777777778)","(0.6188888888888889, -0.5811111111111111, -1.1666666666666667)","(54.3125, -48.0, 51.8125)","(0.747802734375, -0.0765380859375, 0.53631591796875, -0.3837890625)","(0.25, 0.24, -0.7000000000000001)","(-7.2, -5.23, 4.09)"
186,3037.9649999999997,164,"(-7.51, -5.01, 3.59)","(18.75, 23.875, -27.1875)","(-0.14888888888888888, -0.6911111111111111, -1.0522222222222222)","(-0.14888888888888888, -0.6911111111111111, -1.0522222222222222)","(56.125, -45.1875, 52.4375)","(0.74560546875, -0.0982666015625, 0.52337646484375, -0.40057373046875)","(0.3, 0.3, -0.36)","(-6.88, -5.54, 4.24)"
187,3081.655,164,"(-6.140000000000001, -6.26, 4.0200000000000005)","(18.375, 24.5625, -28.75)","(-0.1, -0.44555555555555554, -0.8833333333333333)","(-0.1, -0.44555555555555554, -0.8833333333333333)","(57.875, -42.3125, 53.125)","(0.7432861328125, -0.1126708984375, 0.51556396484375, -0.4111328125)","(0.7000000000000001, -0.67, -0.37)","(-6.54, -5.8500000000000005, 4.3500000000000005)"
188,3123.793,164,"(-6.43, -6.67, 4.18)","(18.375, 24.5625, -28.75)","(0.17444444444444446, -0.07333333333333333, -0.9177777777777778)","(0.2822222222222222, -0.04666666666666667, -0.9044444444444445)","(59.875, -40.5625, 53.6875)","(0.73748779296875, -0.12078857421875, 0.5107421875, -0.425048828125)","(0.38, -1.33, 0.09)","(-6.32, -6.04, 4.42)"
189,3163.544,164,"(-6.2, -7.24, 4.3500000000000005)","(15.75, 24.5625, -28.0)","(0.4011111111111111, -0.003333333333333333, -0.8955555555555555)","(0.29777777777777775, 0.03333333333333333, -0.9055555555555556)","(62.1875, -39.0, 53.8125)","(0.7310791015625, -0.1241455078125, 0.50531005859375, -0.4412841796875)","(-0.16, -1.08, 0.09)","(-6.12, -6.19, 4.5)"
190,3205.235,164,"(-6.42, -7.36, 4.88)","(14.0, 24.1875, -26.75)","(0.08333333333333333, 0.07, -0.85)","(0.08333333333333333, 0.07, -0.85)","(64.3125, -37.5, 54.625)","(0.72125244140625, -0.1319580078125, 0.50286865234375, -0.4576416015625)","(-0.74, -0.81, 0.47000000000000003)","(-5.92, -6.38, 4.5)"
191,3249.1789999999996,164,"(-6.5, -7.0200000000000005, 4.92)","(11.25, 25.5625, -28.5)","(0.052222222222222225, -0.043333333333333335, -0.4888888888888889)","(0.052222222222222225, -0.043333333333333335, -0.4888888888888889)","(65.9375, -36.1875, 55.0625)","(0.71697998046875, -0.13641357421875, 0.50079345703125, -0.46533203125)","(-0.8300000000000001, -0.41000000000000003, 0.12)","(-5.76, -6.51, 4.51)"
192,3294.455,164,"(-6.71, -6.78, 4.5600000000000005)","(12.75, 25.0, -28.75)","(-0.14666666666666667, -0.03, -0.28888888888888886)","(-0.14666666666666667, -0.03, -0.28888888888888886)","(66.5625, -35.5625, 55.6875)","(0.71380615234375, -0.1417236328125, 0.50079345703125, -0.4686279296875)","(-0.91, -0.16, 0.07)","(-5.7, -6.6000000000000005, 4.48)"
193,3337.813,164,"(-6.55, -6.83, 4.55)","(11.0, 23.5, -30.0625)","(-0.015555555555555555, 0.08777777777777777, -0.03222222222222222)","(-0.015555555555555555, 0.08777777777777777, -0.03222222222222222)","(66.625, -35.625, 56.0625)","(0.7120361328125, -0.14190673828125, 0.50335693359375, -0.46856689453125)","(-0.73, -0.22, 0.04)","(-5.72, -6.6000000000000005, 4.44)"
194,3379.6780000000003,164,"(-6.38, -6.88, 4.45)","(11.5625, 24.1875, -31.5)","(0.14, 0.14333333333333334, 0.011111111111111112)","(0.14, 0.14333333333333334, 0.011111111111111112)","(66.75, -35.9375, 56.0)","(0.71112060546875, -0.1383056640625, 0.50482177734375, -0.46942138671875)","(-0.59, -0.31, 0.02)","(-5.76, -6.57, 4.43)"
195,3420.848,164,"(-6.25, -6.79, 4.34)","(11.5625, 24.1875, -31.5)","(-0.0077777777777777776, 0.09111111111111111, -0.07)","(-0.0077777777777777776, 0.09111111111111111, -0.07)","(67.0625, -36.0625, 56.1875)","(0.70953369140625, -0.137451171875, 0.5064697265625, -0.4703369140625)","(-0.34, -0.2, -0.12)","(-5.7700000000000005, -6.58, 4.4)"
196,3461.51,36,"(-5.97, -6.73, 4.18)","(12.0, 25.375, -30.5625)","(-0.06777777777777778, 0.05, -0.07888888888888888)","(-0.06777777777777778, 0.05444444444444444, -0.06444444444444444)","(67.1875, -36.0625, 56.5)","(0.70794677734375, -0.138427734375, 0.508056640625, -0.470703125)","(-0.13, -0.11, -0.18)","(-5.7700000000000005, -6.61, 4.36)"
197,3503.549,164,"(-5.82, -6.68, 4.17)","(11.5625, 24.1875, -30.1875)","(-0.052222222222222225, 0.04888888888888889, -0.0011111111111111111)","(-0.044444444444444446, 0.052222222222222225, 0.02)","(67.25, -36.125, 56.75)","(0.70703125, -0.13885498046875, 0.50946044921875, -0.47039794921875)","(0.0, 0.03, -0.17)","(-5.78, -6.62, 4.33)"
198,3547.0860000000002,164,"(-5.84, -6.53, 4.2)","(13.5, 25.0, -28.875)","(-0.05, -0.03777777777777778, 0.08666666666666667)","(-0.05, -0.03777777777777778, 0.08666666666666667)","(67.0625, -36.25, 56.8125)","(0.70782470703125, -0.13873291015625, 0.51007080078125, -0.46856689453125)","(-0.01, 0.11, -0.15)","(-5.8, -6.61, 4.32)"
199,3592.174,164,"(-5.9, -6.63, 4.24)","(10.5, 23.5, -31.0)","(-0.0022222222222222222, -0.23444444444444446, 0.04666666666666667)","(-0.027777777777777776, -0.25, 0.03222222222222222)","(66.625, -36.125, 56.5)","(0.710205078125, -0.14007568359375, 0.50762939453125, -0.4671630859375)","(-0.05, -0.04, -0.15)","(-5.78, -6.6000000000000005, 4.37)"
200,3636.352,164,"(-5.84, -6.61, 4.38)","(12.0, 23.875, -31.375)","(-0.03, -0.16444444444444445, 0.03888888888888889)","(-0.03, -0.16444444444444445, 0.03888888888888889)","(66.3125, -43.9375, 56.3125)","(0.71234130859375, -0.14208984375, 0.50543212890625, -0.46575927734375)","(-0.15, 0.01, 0.0)","(-5.76, -6.6000000000000005, 4.4)"
201,3678.2780000000002,164,"(-5.93, -6.61, 4.43)","(12.0, 23.875, -31.375)","(-0.011111111111111112, -0.04777777777777778, 0.04888888888888889)","(-0.011111111111111112, -0.04777777777777778, 0.04888888888888889)","(66.125, -35.9375, 56.1875)","(0.71368408203125, -0.142578125, 0.504638671875, -0.4644775390625)","(-0.18, 0.05, 0.02)","(-5.76, -6.59, 4.41)"
202,3718.402,164,"(-6.0, -6.5, 4.49)","(12.375, 24.1875, -31.0)","(0.028888888888888888, -0.027777777777777776, 0.02)","(0.028888888888888888, -0.027777777777777776, 0.02)","(66.0, -36.0, 56.0625)","(0.7142333984375, -0.14208984375, 0.50421142578125, -0.464111328125)","(-0.21, 0.07, 0.02)","(-5.7700000000000005, -6.58, 4.42)"
203,3759.98,164,"(-5.95, -6.48, 4.43)","(13.5, 25.0, -29.0)","(0.01888888888888889, -0.006666666666666666, 0.0022222222222222222)","(0.01888888888888889, -0.006666666666666666, 0.0022222222222222222)","(66.0, -36.0, 56.0)","(0.71441650390625, -0.1417236328125, 0.5040283203125, -0.46417236328125)","(-0.16, 0.08, 0.0)","(-5.7700000000000005, -6.57, 4.42)"
204,3802.514,164,"(-5.91, -6.49, 4.3500000000000005)","(10.875, 23.875, -31.5)","(0.0, 0.01, -0.022222222222222223)","(0.008888888888888889, 0.011111111111111112, -0.03111111111111111)","(66.0, -36.0, 56.0)","(0.7142333984375, -0.14178466796875, 0.50408935546875, -0.46435546875)","(-0.14, 0.05, -0.05)","(-5.76, -6.57, 4.42)"
205,3854.352,164,"(-5.94, -6.54, 4.39)","(10.875, 23.5, -29.6875)","(-0.01888888888888889, -0.023333333333333334, -0.016666666666666666)","(-0.01888888888888889, -0.023333333333333334, -0.016666666666666666)","(66.125, -35.9375, 56.0625)","(0.71392822265625, -0.14208984375, 0.50408935546875, -0.46484375)","(-0.12, 0.01, 0.02)","(-5.76, -6.58, 4.42)"
206,3897.135,164,"(-5.88, -6.54, 4.43)","(11.1875, 22.6875, -29.0)","(0.006666666666666666, -0.042222222222222223, 0.03333333333333333)","(0.006666666666666666, -0.042222222222222223, 0.03333333333333333)","(66.0, -35.9375, 56.0)","(0.71466064453125, -0.1422119140625, 0.5035400390625, -0.46417236328125)","(-0.11, 0.02, -0.01)","(-5.76, -6.57, 4.43)"
207,3941.9080000000004,164,"(-5.86, -6.51, 4.42)","(11.5625, 23.5, -30.5625)","(0.012222222222222223, -0.012222222222222223, 0.04111111111111111)","(0.014444444444444444, -0.0044444444444444444, 0.04)","(65.875, -36.0, 55.875)","(0.7152099609375, -0.14166259765625, 0.50335693359375, -0.46368408203125)","(-0.07, 0.06, -0.04)","(-5.7700000000000005, -6.5600000000000005, 4.44)"
208,3984.808,164,"(-5.87, -6.390000000000001, 4.41)","(12.6875, 23.875, -31.0625)","(0.03222222222222222, -0.015555555555555555, 0.03222222222222222)","(0.03333333333333333, -0.021111111111111112, 0.03)","(65.8125, -36.125, 55.75)","(0.71575927734375, -0.1409912109375, 0.50311279296875, -0.46337890625)","(-0.06, 0.12, -0.06)","(-5.78, -6.54, 4.45)"
209,4028.385,164,"(-5.8500000000000005, -6.46, 4.41)","(13.5, 24.1875, -31.5)","(0.057777777777777775, -0.03333333333333333, 0.01888888888888889)","(0.057777777777777775, -0.03333333333333333, 0.01888888888888889)","(65.75, -36.125, 55.5625)","(0.716552734375, -0.14007568359375, 0.5020751953125, -0.46343994140625)","(-0.07, 0.08, -0.04)","(-5.78, -6.53, 4.47)"
210,4069.2380000000003,164,"(-5.87, -6.48, 4.43)","(13.5, 24.1875, -31.5)","(0.042222222222222223, -0.04, -0.02)","(0.042222222222222223, -0.04, -0.02)","(65.75, -36.0625, 55.4375)","(0.7169189453125, -0.139892578125, 0.501220703125, -0.46392822265625)","(-0.1, -0.06, -0.05)","(-5.7700000000000005, -6.5200000000000005, 4.49)"
211,4110.188,164,"(-5.89, -6.59, 4.48)","(12.375, 23.875, -30.5625)","(0.016666666666666666, -0.03777777777777778, -0.04777777777777778)","(0.016666666666666666, -0.03777777777777778, -0.04777777777777778)","(65.875, -35.9375, 55.375)","(0.7169189453125, -0.140380859375, 0.50048828125, -0.464599609375)","(-0.15, -0.07, -0.02)","(-5.75, -6.53, 4.5)"
212,4152.953,164,"(-5.93, -6.62, 4.42)","(11.1875, 23.5, -29.0)","(0.027777777777777776, -0.017777777777777778, -0.015555555555555555)","(0.02, -0.008888888888888889, -0.01)","(65.875, -35.875, 55.3125)","(0.7169189453125, -0.1402587890625, 0.5001220703125, -0.4649658203125)","(-0.17, -0.06, -0.04)","(-5.75, -6.53, 4.51)"
213,4197.182,36,"(-5.94, -6.55, 4.48)","(10.5, 23.0625, -31.0)","(0.0077777777777777776, -0.0077777777777777776, 0.017777777777777778)","(0.0077777777777777776, -0.0077777777777777776, 0.017777777777777778)","(65.875, -35.9375, 55.3125)","(0.717041015625, -0.14007568359375, 0.50030517578125, -0.46478271484375)","(-0.17, 0.02, -0.04)","(-5.75, -6.5200000000000005, 4.51)"
214,4241.9310000000005,164,"(-5.9, -6.5200000000000005, 4.46)","(10.875, 22.6875, -31.75)","(0.0044444444444444444, -0.01888888888888889, 0.03222222222222222)","(-0.0044444444444444444, -0.01, 0.027777777777777776)","(65.8125, -36.0, 55.25)","(0.7174072265625, -0.13970947265625, 0.50018310546875, -0.46429443359375)","(-0.12, 0.02, -0.07)","(-5.76, -6.5200000000000005, 4.51)"
215,4284.833,164,"(-5.8100000000000005, -6.43, 4.43)","(10.875, 24.1875, -31.5)","(-0.0077777777777777776, 0.01888888888888889, 0.0)","(-0.0077777777777777776, 0.01888888888888889, 0.0)","(65.75, -36.0, 55.3125)","(0.71734619140625, -0.1396484375, 0.50054931640625, -0.46405029296875)","(-0.03, 0.04, -0.06)","(-5.7700000000000005, -6.5200000000000005, 4.5)"
216,4328.379,164,"(-5.84, -6.46, 4.46)","(12.0, 23.5, -33.5)","(0.0022222222222222222, -0.003333333333333333, -0.022222222222222223)","(0.0022222222222222222, -0.003333333333333333, -0.022222222222222223)","(65.8125, -36.0, 55.3125)","(0.71722412109375, -0.13970947265625, 0.50048828125, -0.46435546875)","(-0.14, 0.01, -0.05)","(-5.76, -6.5200000000000005, 4.51)"
217,4372.096,164,"(-5.87, -6.5, 4.48)","(12.0, 23.5, -33.5)","(-0.013333333333333332, -0.03, -0.017777777777777778)","(-0.013333333333333332, -0.03, -0.017777777777777778)","(65.8125, -35.9375, 55.3125)","(0.71722412109375, -0.14013671875, 0.500244140625, -0.46441650390625)","(-0.09, 0.02, -0.06)","(-5.75, -6.5200000000000005, 4.51)"
218,4412.594,164,"(-5.82, -6.51, 4.48)","(12.375, 24.1875, -31.0)","(0.0011111111111111111, -0.02, 0.011111111111111112)","(0.005555555555555556, -0.02, 0.015555555555555555)","(65.75, -35.9375, 55.25)","(0.71746826171875, -0.14019775390625, 0.5, -0.4642333984375)","(-0.08, 0.0, 0.01)","(-5.75, -6.5200000000000005, 4.51)"
219,4454.752,164,"(-5.9, -6.5, 4.53)","(11.1875, 23.0625, -31.0)","(-0.0077777777777777776, -0.03, 0.0044444444444444444)","(-0.0077777777777777776, -0.03, 0.0044444444444444444)","(65.75, -35.9375, 55.25)","(0.71783447265625, -0.14031982421875, 0.4996337890625, -0.464111328125)","(-0.1, 0.04, 0.0)","(-5.75, -6.5200000000000005, 4.5200000000000005)"
220,4497.835,164,"(-5.87, -6.5, 4.47)","(10.0625, 23.5, -30.5625)","(-0.0011111111111111111, -0.011111111111111112, -0.012222222222222223)","(-0.0011111111111111111, -0.011111111111111112, -0.012222222222222223)","(65.6875, -35.875, 55.1875)","(0.71795654296875, -0.1405029296875, 0.4993896484375, -0.46405029296875)","(-0.14, 0.01, 0.0)","(-5.75, -6.5200000000000005, 4.5200000000000005)"
221,4542.114,36,"(-5.89, -6.45, 4.55)","(10.875, 23.5, -31.0625)","(-0.0044444444444444444, 0.0, -0.015555555555555555)","(0.0, 0.0022222222222222222, -0.008888888888888889)","(65.75, -35.875, 55.25)","(0.71783447265625, -0.140625, 0.49951171875, -0.464111328125)","(-0.1, 0.11, -0.01)","(-5.75, -6.5200000000000005, 4.5200000000000005)"
222,4585.998,164,"(-5.87, -6.44, 4.47)","(11.1875, 23.5, -33.875)","(0.026666666666666665, -0.0077777777777777776, 0.0022222222222222222)","(0.026666666666666665, -0.0077777777777777776, 0.0022222222222222222)","(65.75, -35.875, 55.1875)","(0.7178955078125, -0.14031982421875, 0.4993896484375, -0.4642333984375)","(-0.09, 0.02, -0.12)","(-5.75, -6.5200000000000005, 4.53)"
223,4628.264999999999,164,"(-5.87, -6.54, 4.47)","(11.1875, 23.5, -33.875)","(-0.011111111111111112, -0.02, -0.04111111111111111)","(-0.011111111111111112, -0.02, -0.04111111111111111)","(65.75, -35.875, 55.1875)","(0.7177734375, -0.14068603515625, 0.4991455078125, -0.464599609375)","(-0.08, -0.01, -0.05)","(-5.74, -6.5200000000000005, 4.53)"
224,4669.058,164,"(-5.8100000000000005, -6.5200000000000005, 4.42)","(13.0625, 24.1875, -32.5625)","(-0.016666666666666666, -0.013333333333333332, -0.03)","(-0.016666666666666666, -0.013333333333333332, -0.03)","(65.8125, -35.75, 55.25)","(0.71759033203125, -0.1412353515625, 0.4990234375, -0.46484375)","(-0.08, 0.0, -0.05)","(-5.73, -6.53, 4.53)"
225,4710.418,164,"(-5.88, -6.55, 4.43)","(12.0, 23.0625, -29.6875)","(0.0011111111111111111, -0.024444444444444446, -0.01)","(0.0011111111111111111, -0.024444444444444446, -0.01)","(65.8125, -35.75, 55.25)","(0.71771240234375, -0.1414794921875, 0.498779296875, -0.46484375)","(-0.11, -0.02, -0.04)","(-5.73, -6.53, 4.53)"
226,4753.853999999999,164,"(-5.79, -6.5600000000000005, 4.44)","(10.875, 23.5, -29.6875)","(0.005555555555555556, -0.0022222222222222222, 0.008888888888888889)","(-0.0044444444444444444, -0.0022222222222222222, 0.013333333333333332)","(65.8125, -35.75, 55.25)","(0.7177734375, -0.1414794921875, 0.498779296875, -0.4647216796875)","(-0.09, 0.03, -0.06)","(-5.73, -6.53, 4.53)"
227,4797.354,164,"(-5.84, -6.47, 4.49)","(9.0, 23.0625, -31.6875)","(-0.014444444444444444, -0.012222222222222223, 0.0)","(-0.014444444444444444, -0.012222222222222223, 0.0)","(65.8125, -35.75, 55.25)","(0.71783447265625, -0.14178466796875, 0.49884033203125, -0.46453857421875)","(-0.12, 0.01, -0.01)","(-5.73, -6.54, 4.53)"
228,4842.322,36,"(-5.82, -6.5, 4.53)","(10.5, 23.0625, -31.375)","(-0.01, 0.005555555555555556, -0.005555555555555556)","(-0.006666666666666666, 0.008888888888888889, -0.01)","(65.75, -35.75, 55.25)","(0.71783447265625, -0.141845703125, 0.4989013671875, -0.4644775390625)","(-0.07, 0.03, -0.08)","(-5.73, -6.54, 4.53)"
229,4887.288,36,"(-5.83, -6.5, 4.5200000000000005)","(12.375, 23.0625, -33.0)","(0.0, 0.0022222222222222222, -0.01)","(0.0, 0.0022222222222222222, -0.01)","(65.8125, -35.75, 55.25)","(0.71771240234375, -0.14190673828125, 0.4989013671875, -0.46453857421875)","(-0.1, 0.02, -0.04)","(-5.73, -6.54, 4.5200000000000005)"
230,4932.191000000001,36,"(-5.84, -6.49, 4.48)","(13.0625, 25.0, -33.0)","(0.0, -0.005555555555555556, -0.0022222222222222222)","(0.0022222222222222222, -0.15444444444444444, 0.0)","(65.8125, -35.75, 55.25)","(0.7177734375, -0.14190673828125, 0.49884033203125, -0.46453857421875)","(-0.08, 0.02, -0.05)","(-5.72, -6.54, 4.53)"
231,4975.812999999999,164,"(-5.79, -6.54, 4.5)","(13.0625, 25.0, -33.0)","(-0.005555555555555556, -0.005555555555555556, -0.006666666666666666)","(-0.005555555555555556, -0.005555555555555556, -0.006666666666666666)","(65.75, -35.6875, 55.25)","(0.7178955078125, -0.14202880859375, 0.49871826171875, -0.46453857421875)","(-0.07, 0.01, -0.03)","(-5.72, -6.54, 4.53)"
