,time_ms,delta_ms,accel_ms2_x,accel_ms2_y,accel_ms2_z,mag_uT_x,mag_uT_y,mag_uT_z,gyro_degs_x,gyro_degs_y,gyro_degs_z,euler_deg_x,euler_deg_y,euler_deg_z,quaternion_w,quaternion_x,quaternion_y,quaternion_z,lin_accel_ms2_x,lin_accel_ms2_y,lin_accel_ms2_z,gravity_ms2_x,gravity_ms2_y,gravity_ms2_z
0,0.0,0,-6.65,-4.51,6.73,43.875,-6.375,-20.1875,0.5133333333333333,0.14777777777777779,-1.0255555555555556,219.375,-42.25,37.0,80658432.0,-117964800.0,-28999680.0,225378304.0,-0.05,-0.14,0.94,-6.6,-4.36,5.78
1,12.297,12,-6.68,-4.51,6.66,43.875,-6.375,-20.1875,0.39555555555555555,0.1711111111111111,-0.9977777777777778,220.0,-42.0,37.25,81969152.0,-117866496.0,-29081600.0,224952320.0,-0.11,-0.1,0.86,-6.56,-4.4,5.79
2,21.746000000000002,9,-6.62,-4.58,6.6,43.875,-6.375,-20.1875,0.2588888888888889,0.22333333333333333,-0.9744444444444444,220.625,-41.8125,37.5625,83181568.0,-117866496.0,-29261824.0,224477184.0,-0.08,-0.12,0.81,-6.53,-4.45,5.79
3,31.976,10,-6.73,-4.77,6.61,43.875,-6.375,-20.1875,0.14222222222222222,0.29333333333333333,-0.9577777777777777,221.25,-41.625,37.9375,84328448.0,-117981184.0,-29523968.0,223952896.0,-0.22,-0.26,0.83,-6.51,-4.5,5.78
4,43.82,11,-6.76,-4.77,6.55,43.5,-6.0,-18.5625,0.07333333333333333,0.36777777777777776,-0.9488888888888889,221.8125,-41.4375,38.375,85426176.0,-118210560.0,-29835264.0,223379456.0,-0.26,-0.2,0.78,-6.49,-4.56,5.76
5,51.823,8,-6.72,-4.7,6.43,43.5,-6.0,-18.5625,0.03111111111111111,0.45222222222222225,-0.9433333333333334,222.4375,-41.3125,38.8125,86507520.0,-118554624.0,-30146560.0,222740480.0,-0.24,-0.09,0.7,-6.47,-4.61,5.73
6,61.887,10,-6.49,-4.54,6.55,43.5,-6.0,-18.5625,-0.0033333333333333335,0.5533333333333333,-0.9455555555555556,223.0,-41.1875,39.3125,87588864.0,-118996992.0,-30441472.0,222035968.0,-0.03,0.13,0.85,-6.46,-4.67,5.7
7,71.989,10,-6.58,-4.4,6.67,43.5,-6.0,-18.5625,0.013333333333333334,0.6388888888888888,-0.9466666666666667,223.625,-41.125,39.875,88686592.0,-119521280.0,-30703616.0,221282304.0,-0.12,0.33,1.01,-6.45,-4.73,5.66
8,81.964,9,-6.67,-4.18,6.65,43.5,-6.0,-18.5625,0.08333333333333333,0.7111111111111111,-0.9422222222222222,224.3125,-41.125,40.375,89833472.0,-120094720.0,-30851072.0,220479488.0,-0.22,0.6,1.03,-6.45,-4.78,5.62
9,93.90700000000001,11,-6.77,-3.93,6.64,41.875,-3.0,-17.25,0.15,0.7855555555555556,-0.9366666666666666,225.0,-41.125,40.875,91013120.0,-120717312.0,-30883840.0,219660288.0,-0.31,0.89,1.06,-6.45,-4.83,5.58
10,101.10900000000001,7,-6.87,-3.54,6.46,41.875,-3.0,-17.25,0.17222222222222222,0.86,-0.9244444444444444,225.6875,-41.125,41.375,92192768.0,-121405440.0,-30867456.0,218775552.0,-0.42,1.34,0.92,-6.45,-4.88,5.53
11,111.571,10,-6.82,-3.44,6.42,41.875,-3.0,-17.25,0.1388888888888889,0.9488888888888889,-0.9133333333333333,226.375,-41.1875,41.9375,93372416.0,-122191872.0,-30834688.0,217841664.0,-0.36,1.49,0.93,-6.46,-4.93,5.48
12,121.56,9,-6.87,-3.29,6.45,41.875,-3.0,-17.25,0.09222222222222222,1.0344444444444445,-0.9122222222222223,227.0625,-41.25,42.5625,94519296.0,-123092992.0,-30801920.0,216858624.0,-0.39,1.68,1.03,-6.47,-4.98,5.42
13,131.607,10,-6.96,-3.5,6.59,41.875,-3.0,-17.25,0.07222222222222222,1.1111111111111112,-0.9255555555555556,227.8125,-41.375,43.1875,95666176.0,-124059648.0,-30769152.0,215793664.0,-0.48,1.53,1.23,-6.48,-5.03,5.35
14,143.612,12,-7.11,-3.46,6.63,42.25,-3.375,-16.0625,0.09777777777777778,1.1644444444444444,-0.9622222222222222,228.5625,-41.5,43.875,96878592.0,-125075456.0,-30703616.0,214679552.0,-0.61,1.62,1.33,-6.49,-5.09,5.29
15,151.064,7,-7.36,-3.46,6.55,42.25,-3.375,-16.0625,0.10111111111111111,1.211111111111111,-1.02,229.375,-41.5625,44.5625,98156544.0,-126107648.0,-30654464.0,213499904.0,-0.85,1.68,1.33,-6.5,-5.15,5.22
16,161.45100000000002,10,-7.67,-3.59,6.51,42.25,-3.375,-16.0625,0.042222222222222223,1.2455555555555555,-1.0911111111111111,230.1875,-41.625,45.375,99467264.0,-127188992.0,-30687232.0,212238336.0,-1.15,1.61,1.36,-6.51,-5.21,5.14
17,171.587,10,-8.25,-3.8,6.67,42.25,-3.375,-16.0625,-0.0033333333333333335,1.2644444444444445,-1.1744444444444444,231.0625,-41.625,46.1875,100843520.0,-128286720.0,-30785536.0,210911232.0,-1.73,1.48,1.6,-6.51,-5.28,5.06
18,181.573,9,-8.59,-3.86,6.95,42.25,-3.375,-16.0625,0.022222222222222223,1.2477777777777779,-1.2644444444444445,232.0,-41.625,47.0,102301696.0,-129335296.0,-30949376.0,209534976.0,-2.08,1.49,1.96,-6.51,-5.36,4.99
19,193.547,11,-8.97,-3.88,7.34,41.5,-1.375,-11.0625,0.0811111111111111,1.1977777777777778,-1.3422222222222222,233.0,-41.5,47.875,103858176.0,-130285568.0,-31096832.0,208158720.0,-2.47,1.55,2.42,-6.5,-5.44,4.92
20,200.77900000000002,7,-9.25,-3.87,7.66,41.5,-1.375,-11.0625,0.11555555555555555,1.1266666666666667,-1.4122222222222223,234.0,-41.3125,48.625,105496576.0,-131121152.0,-31309824.0,206766080.0,-2.77,1.65,2.8,-6.48,-5.52,4.85
21,211.499,10,-9.15,-3.87,7.75,41.5,-1.375,-11.0625,0.06888888888888889,1.0677777777777777,-1.4577777777777778,235.0625,-41.125,49.4375,107118592.0,-131923968.0,-31604736.0,205373440.0,-2.7,1.74,2.95,-6.45,-5.61,4.79
22,221.528,10,-9.21,-3.94,7.66,41.5,-1.375,-11.0625,-0.03333333333333333,1.028888888888889,-1.4844444444444445,236.0625,-40.875,50.3125,108691456.0,-132710400.0,-32047104.0,203964416.0,-2.79,1.75,2.93,-6.41,-5.7,4.73
23,231.543,10,-9.49,-4.23,7.42,41.5,-1.375,-11.0625,-0.14777777777777779,1.0077777777777779,-1.498888888888889,237.0625,-40.5625,51.1875,110215168.0,-133529600.0,-32620544.0,202522624.0,-3.11,1.56,2.75,-6.38,-5.8,4.66
24,243.481,11,-10.1,-5.26,7.13,43.75,1.1875,-9.0625,-0.22444444444444445,1.0133333333333334,-1.5055555555555555,238.0625,-40.25,52.125,111673344.0,-134381568.0,-33259520.0,201048064.0,-3.76,0.63,2.54,-6.34,-5.9,4.58
25,250.749,7,-10.48,-5.61,7.08,43.75,1.1875,-9.0625,-0.24333333333333335,1.0322222222222222,-1.5244444444444445,239.0625,-39.9375,53.0625,113131520.0,-135266304.0,-33914880.0,199540736.0,-4.17,0.38,2.56,-6.3,-6.0,4.51
26,261.411,10,-10.72,-5.93,7.11,43.75,1.1875,-9.0625,-0.18777777777777777,1.04,-1.5477777777777777,240.125,-39.625,53.9375,114638848.0,-136085504.0,-34521088.0,198000640.0,-4.46,0.17,2.67,-6.25,-6.1,4.44
27,271.513,10,-10.82,-6.05,7.2,43.75,1.1875,-9.0625,0.008888888888888889,1.04,-1.5733333333333333,241.1875,-39.25,54.75,116277248.0,-136806400.0,-34979840.0,196460544.0,-4.61,0.14,2.82,-6.2,-6.2,4.37
28,281.51599999999996,10,-10.72,-6.03,7.14,43.75,1.1875,-9.0625,0.3055555555555556,1.0377777777777777,-1.5811111111111111,242.375,-38.875,55.375,118128640.0,-137330688.0,-35143680.0,194953216.0,-4.56,0.24,2.81,-6.15,-6.28,4.33
29,293.196,11,-10.55,-6.21,7.23,43.375,4.5,-7.0625,0.62,1.0533333333333332,-1.5655555555555556,243.625,-38.5,55.75,120143872.0,-137691136.0,-34996224.0,193478656.0,-4.44,0.13,2.92,-6.1,-6.34,4.31
30,300.483,7,-10.51,-6.62,7.38,43.375,4.5,-7.0625,0.9833333333333333,1.0866666666666667,-1.5377777777777777,245.0,-38.125,56.0,122388480.0,-137871360.0,-34471936.0,192053248.0,-4.45,-0.22,3.07,-6.05,-6.39,4.3
31,311.52000000000004,11,-10.91,-7.69,7.34,43.375,4.5,-7.0625,1.3388888888888888,1.1377777777777778,-1.52,246.375,-37.8125,56.0,124829696.0,-137871360.0,-33587200.0,190627840.0,-4.89,-1.27,3.02,-6.01,-6.42,4.32
32,321.524,10,-10.97,-8.41,7.06,43.375,4.5,-7.0625,1.5711111111111111,1.22,-1.521111111111111,247.875,-37.5,55.9375,127418368.0,-137789440.0,-32423936.0,189153280.0,-5.0,-1.96,2.71,-5.96,-6.44,4.35
33,331.536,10,-10.83,-9.22,6.7,43.375,4.5,-7.0625,1.761111111111111,1.3411111111111111,-1.55,249.5,-37.1875,55.8125,130170880.0,-137691136.0,-31047680.0,187596800.0,-4.9,-2.76,2.32,-5.93,-6.46,4.38
34,343.571,12,-10.56,-9.94,6.28,43.375,7.5,-5.0,2.118888888888889,1.481111111111111,-1.6033333333333333,251.1875,-36.9375,55.5625,133185536.0,-137445376.0,-29294592.0,185925632.0,-4.67,-3.48,1.85,-5.89,-6.46,4.43
35,350.611,7,-9.23,-10.66,5.59,43.375,7.5,-5.0,2.6755555555555555,1.6411111111111112,-1.6733333333333333,253.125,-36.6875,55.0,136626176.0,-136953856.0,-26984448.0,184139776.0,-3.37,-4.22,1.08,-5.86,-6.44,4.5
36,361.431,10,-8.53,-10.88,5.23,43.375,7.5,-5.0,3.312222222222222,1.8133333333333332,-1.738888888888889,255.25,-36.5,54.25,140509184.0,-136134656.0,-24035328.0,182222848.0,-2.69,-4.48,0.63,-5.83,-6.39,4.6
37,371.651,10,-7.94,-11.01,5.0,43.375,7.5,-5.0,3.8444444444444446,2.0144444444444445,-1.7933333333333332,257.5625,-36.3125,53.1875,144736256.0,-135069696.0,-20512768.0,180125696.0,-2.13,-4.68,0.28,-5.81,-6.32,4.72
38,381.47700000000003,9,-7.04,-11.41,4.9,43.375,7.5,-5.0,4.058888888888889,2.258888888888889,-1.8244444444444445,259.9375,-36.3125,52.1875,149078016.0,-134004736.0,-16646144.0,177766400.0,-1.23,-5.17,0.06,-5.8,-6.24,4.84
39,393.664,12,-6.48,-11.68,4.87,42.5625,9.75,-6.25,3.831111111111111,2.542222222222222,-1.8333333333333333,262.375,-36.375,51.3125,153223168.0,-133251072.0,-12779520.0,175095808.0,-0.66,-5.51,-0.05,-5.81,-6.16,4.92
40,401.144,7,-5.68,-11.64,4.77,42.5625,9.75,-6.25,3.1977777777777776,2.851111111111111,-1.8033333333333332,264.6875,-36.5625,50.9375,156893184.0,-133152768.0,-9175040.0,172130304.0,0.15,-5.53,-0.17,-5.84,-6.11,4.95
41,411.568,10,-4.71,-11.6,4.34,42.5625,9.75,-6.25,2.28,3.1766666666666667,-1.7333333333333334,266.8125,-36.9375,51.125,159858688.0,-133955584.0,-6045696.0,168886272.0,1.18,-5.49,-0.57,-5.89,-6.1,4.91
42,421.528,9,-2.51,-11.74,3.43,42.5625,9.75,-6.25,1.3066666666666666,3.491111111111111,-1.6088888888888888,268.75,-37.4375,52.0,162054144.0,-135692288.0,-3358720.0,165462016.0,3.44,-5.61,-1.35,-5.96,-6.13,4.79
43,431.539,10,-1.68,-11.9,2.78,42.5625,9.75,-6.25,0.6788888888888889,3.7422222222222223,-1.4377777777777778,270.5625,-38.0,53.25,163643392.0,-138051584.0,-868352.0,161923072.0,4.36,-5.71,-1.83,-6.04,-6.18,4.61
44,443.44,11,-0.69,-11.88,2.2,42.5625,11.375,-2.0625,0.6322222222222222,3.8933333333333335,-1.2222222222222223,272.3125,-38.75,54.5625,164986880.0,-140525568.0,1835008.0,158384128.0,5.44,-5.65,-2.22,-6.14,-6.23,4.43
45,450.918,7,1.22,-10.29,1.16,42.5625,11.375,-2.0625,1.2133333333333334,3.9277777777777776,-0.9722222222222222,274.0625,-39.5,55.5625,166461440.0,-142508032.0,5177344.0,154959872.0,7.46,-4.05,-3.1,-6.24,-6.23,4.27
46,461.394,10,1.6,-9.34,0.95,42.5625,11.375,-2.0625,2.05,3.891111111111111,-0.65,275.875,-40.4375,56.125,168198144.0,-143736832.0,9322496.0,151715840.0,7.96,-3.15,-3.2,-6.36,-6.19,4.15
47,471.53499999999997,10,1.67,-8.65,0.91,42.5625,11.375,-2.0625,2.812222222222222,3.7933333333333334,-0.18222222222222223,277.5625,-41.5,56.125,170033152.0,-144195584.0,14254080.0,148815872.0,8.17,-2.56,-3.17,-6.5,-6.09,4.09
48,481.481,9,1.56,-8.25,1.01,42.5625,11.375,-2.0625,3.35,3.618888888888889,0.5211111111111111,279.0,-42.8125,55.625,171671552.0,-143982592.0,19890176.0,146489344.0,8.23,-2.32,-3.04,-6.67,-5.93,4.05
49,493.589,12,1.38,-6.51,1.44,42.5,13.25,4.0625,3.668888888888889,3.401111111111111,1.1122222222222222,280.1875,-44.375,54.75,173031424.0,-143196160.0,25985024.0,144687104.0,8.24,-0.79,-2.6,-6.86,-5.72,4.04
50,500.73999999999995,7,1.23,-5.28,1.68,42.5,13.25,4.0625,3.6944444444444446,3.1033333333333335,1.9033333333333333,280.8125,-46.1875,53.5,173801472.0,-142016512.0,32358400.0,143638528.0,8.31,0.16,-2.34,-7.08,-5.45,4.03
51,511.545,10,0.86,-4.27,2.28,42.5,13.25,4.0625,3.5277777777777777,2.7055555555555557,2.7055555555555557,280.9375,-48.25,51.875,173867008.0,-140492800.0,38813696.0,143458304.0,8.18,0.85,-1.74,-7.32,-5.13,4.02
52,521.492,9,-0.09,-2.58,3.36,42.5,13.25,4.0625,3.2133333333333334,2.1466666666666665,3.5955555555555554,280.3125,-50.5625,49.75,173113344.0,-138592256.0,45170688.0,144359424.0,7.48,2.16,-0.66,-7.57,-4.75,4.02
53,531.525,10,-0.56,-2.15,3.72,42.5,13.25,4.0625,2.9611111111111112,1.4088888888888889,4.544444444444444,279.0,-52.875,46.75,171589632.0,-136101888.0,51331072.0,146489344.0,7.25,2.15,-0.31,-7.82,-4.3,4.04
54,543.447,11,-0.67,-1.7,4.07,42.0625,12.1875,10.0625,2.9788888888888887,0.5033333333333333,5.492222222222222,277.0,-55.1875,42.5,169492480.0,-132628480.0,57344000.0,149848064.0,7.37,2.07,-0.04,-8.05,-3.77,4.12
55,550.636,7,-0.83,-0.98,4.08,42.0625,12.1875,10.0625,3.1577777777777776,-0.49,6.363333333333333,274.5,-57.1875,36.5,166985728.0,-127926272.0,63160320.0,154337280.0,7.41,2.17,-0.18,-8.24,-3.16,4.26
56,561.436,10,-1.43,1.2,3.57,42.0625,12.1875,10.0625,3.236666666666667,-1.4777777777777779,7.127777777777778,271.5,-58.625,28.8125,164052992.0,-122044416.0,68648960.0,159793152.0,6.94,3.66,-0.89,-8.37,-2.46,4.46
57,571.922,10,-1.55,2.13,3.29,42.0625,12.1875,10.0625,3.0944444444444446,-2.39,7.7844444444444445,268.0625,-59.1875,19.875,160579584.0,-115179520.0,73580544.0,166100992.0,6.86,3.84,-1.42,-8.42,-1.7,4.72
58,581.5129999999999,9,-1.68,2.73,3.33,42.0625,12.1875,10.0625,2.881111111111111,-3.2444444444444445,8.304444444444444,264.25,-58.625,10.25,156581888.0,-107413504.0,77856768.0,173031424.0,6.69,3.64,-1.67,-8.37,-0.91,5.01
59,593.5970000000001,12,-2.37,3.56,4.27,45.375,4.6875,9.6875,2.832222222222222,-4.098888888888889,8.62,260.375,-56.875,0.9375,152289280.0,-98631680.0,81444864.0,180289536.0,5.84,3.66,-1.07,-8.21,-0.09,5.35
60,600.57,6,-2.32,3.87,4.68,45.375,4.6875,9.6875,2.9677777777777776,-4.978888888888889,8.608888888888888,256.5625,-53.9375,-7.1875,148045824.0,-88784896.0,84312064.0,187482112.0,5.6,3.14,-1.03,-7.92,0.72,5.72
61,611.505,10,-1.97,3.27,5.44,45.375,4.6875,9.6875,3.148888888888889,-5.868888888888889,8.27,253.125,-49.9375,-13.8125,144179200.0,-77922304.0,86376448.0,194265088.0,5.53,1.76,-0.67,-7.51,1.5,6.12
62,621.497,9,-2.03,3.3,5.76,45.375,4.6875,9.6875,3.2022222222222223,-6.764444444444444,7.5777777777777775,250.25,-45.25,-18.75,140967936.0,-66289664.0,87392256.0,200376320.0,4.93,1.08,-0.76,-6.96,2.22,6.53
63,631.535,10,-0.58,4.32,5.65,45.375,4.6875,9.6875,3.0922222222222224,-7.6466666666666665,6.7444444444444445,247.875,-40.0625,-22.25,138526720.0,-54083584.0,87228416.0,205766656.0,5.72,1.48,-1.28,-6.31,2.84,6.93
64,643.19,11,-0.83,4.41,5.62,45.6875,-12.375,0.375,2.5955555555555554,-8.46111111111111,5.851111111111111,246.0,-34.5625,-24.5,136806400.0,-41615360.0,85590016.0,210436096.0,4.73,1.06,-1.72,-5.57,3.35,7.34
65,650.513,7,-0.35,5.39,5.98,45.6875,-12.375,0.375,1.9077777777777778,-9.193333333333333,4.95,244.6875,-28.9375,-25.75,135790592.0,-29130752.0,82395136.0,214433792.0,4.39,1.66,-1.74,-4.74,3.73,7.72
66,661.447,10,0.64,9.76,6.78,45.6875,-12.375,0.375,0.8844444444444445,-9.793333333333333,3.9544444444444444,243.75,-23.1875,-26.0625,135544832.0,-17022976.0,77430784.0,217710592.0,4.51,5.8,-1.3,-3.86,3.96,8.09
67,671.4830000000001,10,0.81,10.21,6.39,45.6875,-12.375,0.375,-0.8055555555555556,-10.154444444444444,2.7955555555555556,243.375,-17.5625,-25.1875,136151040.0,-5996544.0,70189056.0,220364800.0,3.77,6.22,-2.06,-2.96,3.98,8.45
68,681.485,10,0.97,9.86,4.97,45.6875,-12.375,0.375,-2.1333333333333333,-10.27,1.6722222222222223,243.5,-12.0625,-23.6875,137592832.0,3932160.0,61276160.0,222167040.0,3.03,6.01,-3.8,-2.05,3.85,8.78
69,693.553,12,1.45,9.91,4.61,37.1875,-25.5625,-18.5,-2.1266666666666665,-10.134444444444444,0.6422222222222222,244.1875,-6.875,-22.1875,139739136.0,13402112.0,52330496.0,222740480.0,2.62,6.23,-4.39,-1.17,3.68,9.01
70,701.0509999999999,7,1.81,11.08,6.02,37.1875,-25.5625,-18.5,-1.0222222222222221,-9.662222222222223,-0.27111111111111114,245.3125,-2.0625,-21.5,142344192.0,22855680.0,44810240.0,221954048.0,2.17,7.48,-3.08,-0.35,3.59,9.11
71,711.461,10,1.25,11.04,7.52,37.1875,-25.5625,-18.5,0.5344444444444445,-8.897777777777778,-0.9722222222222222,246.75,2.1875,-21.75,145063936.0,32374784.0,39419904.0,220020736.0,0.86,7.4,-1.57,0.38,3.63,9.09
72,721.444,9,0.72,11.28,9.35,37.1875,-25.5625,-18.5,1.9666666666666666,-8.005555555555556,-1.4088888888888889,248.375,5.9375,-23.0,147619840.0,41795584.0,36159488.0,217284608.0,-0.29,7.47,0.37,1.01,3.81,8.97
73,731.518,10,0.74,10.98,10.77,37.1875,-25.5625,-18.5,2.902222222222222,-7.072222222222222,-1.7,250.0,9.0625,-24.9375,149913600.0,50806784.0,34504704.0,214040576.0,-0.8,6.89,1.99,1.55,4.08,8.77
74,743.421,11,2.69,9.33,12.68,22.375,-23.375,-35.875,3.18,-6.12,-2.0033333333333334,251.6875,11.5625,-27.0625,152092672.0,58933248.0,33832960.0,210485248.0,0.72,4.96,4.13,1.97,4.37,8.54
75,751.0,7,3.9,8.78,13.64,22.375,-23.375,-35.875,2.9066666666666667,-5.124444444444444,-2.4122222222222223,253.5,13.4375,-29.25,154451968.0,65748992.0,33701888.0,206749696.0,1.62,4.12,5.32,2.28,4.66,8.32
76,761.492,10,4.77,8.52,14.35,22.375,-23.375,-35.875,2.0766666666666667,-4.078888888888889,-2.938888888888889,255.5,14.5625,-31.0,157286400.0,70778880.0,33652736.0,202915840.0,2.31,3.63,6.22,2.46,4.88,8.13
77,771.547,10,5.0,7.94,15.25,22.375,-23.375,-35.875,0.9511111111111111,-2.9944444444444445,-3.5077777777777777,257.8125,14.9375,-32.125,160792576.0,73793536.0,33505280.0,199081984.0,2.47,2.89,7.23,2.53,5.04,8.01
78,781.477,9,4.4,7.4,15.31,22.375,-23.375,-35.875,-0.1511111111111111,-1.8844444444444444,-4.038888888888889,260.3125,14.625,-32.6875,164921344.0,74809344.0,33341440.0,195313664.0,1.92,2.26,7.33,2.48,5.13,7.98
79,793.4879999999999,12,3.7,6.86,15.17,15.0625,-25.5,-36.5625,-0.9411111111111111,-0.7444444444444445,-4.4622222222222225,262.9375,13.625,-32.75,169476096.0,74039296.0,33456128.0,191660032.0,1.38,1.7,7.16,2.31,5.16,8.01
80,800.77,7,2.85,5.8,14.78,15.0625,-25.5,-36.5625,-1.481111111111111,0.41333333333333333,-4.777777777777778,265.5625,12.0625,-32.4375,174243840.0,71680000.0,34111488.0,188137472.0,0.8,0.65,6.69,2.05,5.14,8.09
81,812.02,11,1.53,2.88,13.47,15.0625,-25.5,-36.5625,-1.91,1.6044444444444443,-4.997777777777777,268.125,9.875,-31.75,179027968.0,67829760.0,35422208.0,184795136.0,-0.14,-2.19,5.26,1.68,5.08,8.21
82,824.6949999999999,12,1.3,1.62,12.93,15.0625,-25.5,-36.5625,-2.327777777777778,2.7977777777777777,-5.147777777777778,270.625,7.125,-30.6875,183746560.0,62504960.0,37404672.0,181633024.0,0.08,-3.35,4.57,1.21,4.97,8.36
83,832.956,8,1.03,0.26,12.62,15.0625,-25.5,-36.5625,-2.4055555555555554,3.9066666666666667,-5.283333333333333,273.0,3.8125,-29.5625,188219392.0,56066048.0,40288256.0,178503680.0,0.37,-4.56,4.11,0.66,4.82,8.5
84,843.399,10,0.58,-2.51,11.95,16.6875,-22.75,-39.0,-2.6855555555555557,4.9222222222222225,-5.402222222222222,275.3125,0.0625,-28.125,192446464.0,48414720.0,43810816.0,175374336.0,0.57,-7.14,3.3,0.01,4.62,8.64
85,850.686,7,0.51,-3.31,11.54,16.6875,-22.75,-39.0,-2.9344444444444444,5.7877777777777775,-5.4911111111111115,277.5,-4.0625,-26.5,196329472.0,39731200.0,47890432.0,172163072.0,1.21,-7.67,2.79,-0.69,4.36,8.75
86,861.4300000000001,10,0.39,-4.09,11.1,16.6875,-22.75,-39.0,-3.161111111111111,6.517777777777778,-5.5344444444444445,279.5625,-8.5625,-24.625,199786496.0,30162944.0,52379648.0,168787968.0,1.85,-8.13,2.29,-1.46,4.04,8.81
87,871.515,10,0.12,-4.86,10.46,16.6875,-22.75,-39.0,-3.3355555555555556,7.127777777777778,-5.5,281.5625,-13.3125,-22.5625,202686464.0,19890176.0,57196544.0,165249024.0,2.38,-8.53,1.65,-2.26,3.67,8.8
88,881.487,9,-0.34,-5.59,9.06,16.6875,-22.75,-39.0,-3.2655555555555558,7.6177777777777775,-5.378888888888889,283.5,-18.25,-20.5,204931072.0,9289728.0,62406656.0,161497088.0,2.72,-8.85,0.34,-3.07,3.26,8.72
89,893.451,11,-0.53,-5.85,8.34,28.6875,-14.5625,-35.25,-2.9611111111111112,7.977777777777778,-5.096666666666667,285.25,-23.25,-18.4375,206372864.0,-1212416.0,68042752.0,157597696.0,3.33,-8.7,-0.2,-3.87,2.85,8.54
90,900.516,7,-0.6,-5.57,7.66,28.6875,-14.5625,-35.25,-2.4544444444444444,8.234444444444444,-4.794444444444444,286.875,-28.3125,-16.5,207060992.0,-11321344.0,74170368.0,153468928.0,4.05,-8.03,-0.6,-4.65,2.46,8.27
91,911.5360000000001,11,-0.87,-5.38,6.31,28.6875,-14.5625,-35.25,-1.9466666666666668,8.396666666666667,-4.4366666666666665,288.4375,-33.375,-14.8125,207011840.0,-20905984.0,80691200.0,149176320.0,4.52,-7.48,-1.59,-5.39,2.09,7.91
92,921.5269999999999,9,-1.39,-5.21,5.49,28.6875,-14.5625,-35.25,-1.5644444444444445,8.46,-3.942222222222222,289.75,-38.3125,-13.25,206209024.0,-29917184.0,87425024.0,144916480.0,4.68,-6.98,-1.98,-6.08,1.76,7.48
93,931.551,10,-2.01,-5.34,4.77,28.6875,-14.5625,-35.25,-1.3477777777777777,8.45111111111111,-3.438888888888889,290.9375,-43.25,-11.8125,204668928.0,-38453248.0,94191616.0,140771328.0,4.7,-6.8,-2.21,-6.72,1.46,6.98
94,943.604,12,-2.33,-5.39,3.71,43.25,-4.0,-20.375,-1.248888888888889,8.351111111111111,-2.827777777777778,291.8125,-48.0,-10.5,202407936.0,-46481408.0,100876288.0,136921088.0,4.95,-6.59,-2.73,-7.29,1.19,6.44
95,950.6569999999999,7,-3.82,-4.12,2.44,43.25,-4.0,-20.375,-1.208888888888889,8.141111111111112,-2.078888888888889,292.3125,-52.5625,-9.4375,199442432.0,-53886976.0,107364352.0,133595136.0,3.95,-5.1,-3.43,-7.78,0.97,5.87
96,961.536,10,-4.19,-4.08,2.28,43.25,-4.0,-20.375,-1.4822222222222223,7.816666666666666,-1.1666666666666667,292.3125,-56.875,-8.6875,195674112.0,-60817408.0,113459200.0,131153920.0,4.01,-4.89,-3.01,-8.21,0.81,5.29
97,971.388,9,-4.12,-2.93,2.65,43.25,-4.0,-20.375,-1.7944444444444445,7.286666666666667,-0.12666666666666668,291.625,-60.75,-8.5625,191184896.0,-67043328.0,118996992.0,129810432.0,4.43,-3.64,-2.07,-8.56,0.71,4.72
98,981.529,10,-3.49,-1.08,3.27,43.25,-4.0,-20.375,-2.022222222222222,6.488888888888889,0.89,290.3125,-64.1875,-9.4375,186220544.0,-72351744.0,123863040.0,129630208.0,5.33,-1.78,-0.92,-8.83,0.7,4.2
99,993.51,11,-3.73,-0.46,3.12,47.25,0.6875,1.75,-2.216666666666667,5.37,2.048888888888889,288.25,-66.875,-11.875,180961280.0,-76382208.0,127893504.0,130842624.0,5.28,-1.25,-0.64,-9.01,0.79,3.76
100,1001.077,7,-4.03,0.18,2.36,47.25,0.6875,1.75,-2.183333333333333,3.942222222222222,3.2655555555555558,285.5,-68.5,-16.1875,175669248.0,-78692352.0,131072000.0,133496832.0,5.09,-0.81,-1.07,-9.12,1.0,3.44
101,1011.4929999999999,10,-4.35,1.38,1.01,47.25,0.6875,1.75,-2.0244444444444443,2.307777777777778,4.4655555555555555,282.1875,-68.875,-22.0,170590208.0,-79036416.0,133332992.0,137592832.0,4.79,0.05,-2.24,-9.15,1.32,3.26
102,1021.5110000000001,10,-4.28,3.84,-0.96,47.25,0.6875,1.75,-2.0544444444444445,0.6533333333333333,5.605555555555555,278.3125,-67.9375,-28.3125,165675008.0,-77545472.0,134578176.0,143130624.0,4.8,2.09,-4.2,-9.08,1.74,3.24
103,1031.573,10,-3.88,5.38,-1.22,47.25,0.6875,1.75,-2.341111111111111,-0.94,6.626666666666667,273.9375,-65.625,-33.625,160808960.0,-74481664.0,134610944.0,150093824.0,5.04,3.14,-4.59,-8.93,2.23,3.36
104,1043.469,11,-3.59,6.11,-1.31,48.0625,-1.0,15.6875,-2.6666666666666665,-2.471111111111111,7.458888888888889,269.125,-62.1875,-37.3125,156008448.0,-69926912.0,133349376.0,158253056.0,5.08,3.34,-4.94,-8.67,2.77,3.63
105,1050.994,7,-2.96,7.97,-1.05,48.0625,-1.0,15.6875,-2.668888888888889,-3.96,8.064444444444444,264.3125,-57.75,-39.5,151420928.0,-63750144.0,130957312.0,167084032.0,5.32,4.64,-5.09,-8.29,3.32,4.03
106,1061.4660000000001,10,-2.52,9.59,1.03,48.0625,-1.0,15.6875,-2.4588888888888887,-5.392222222222222,8.446666666666667,259.75,-52.5625,-40.5,147144704.0,-55918592.0,127533056.0,176111616.0,5.26,5.71,-3.49,-7.78,3.87,4.52
107,1071.599,10,-2.01,9.46,2.36,48.0625,-1.0,15.6875,-2.102222222222222,-6.767777777777778,8.498888888888889,255.5625,-46.75,-40.6875,143376384.0,-46514176.0,123125760.0,184860672.0,5.13,5.08,-2.72,-7.14,4.38,5.09
108,1081.604,10,-1.28,8.83,3.43,48.0625,-1.0,15.6875,-1.7966666666666666,-8.05888888888889,8.14,252.0,-40.5625,-40.1875,140328960.0,-35831808.0,117686272.0,192954368.0,5.09,4.02,-2.25,-6.37,4.81,5.68
109,1093.54,11,-0.81,9.16,5.33,47.375,-15.0,8.875,-1.8022222222222222,-9.224444444444444,7.492222222222222,249.1875,-34.0625,-39.1875,138084352.0,-24363008.0,110968832.0,200196096.0,4.68,4.03,-0.95,-5.49,5.13,6.29
110,1100.8210000000001,7,0.04,10.3,5.97,47.375,-15.0,8.875,-2.292222222222222,-10.2,6.541111111111111,247.0,-27.5,-37.5,136740864.0,-12681216.0,102678528.0,206520320.0,4.58,5.0,-0.92,-4.53,5.29,6.89
111,1111.5,10,0.37,10.86,6.33,47.375,-15.0,8.875,-3.236666666666667,-10.931111111111111,5.227777777777778,245.5625,-21.0625,-35.1875,136511488.0,-1507328.0,92553216.0,211779584.0,3.9,5.58,-1.13,-3.52,5.27,7.47
112,1121.513,10,0.33,10.88,7.47,47.375,-15.0,8.875,-4.424444444444444,-11.39,3.721111111111111,244.9375,-14.75,-32.25,137494528.0,8699904.0,80592896.0,215826432.0,2.84,5.82,-0.53,-2.5,5.06,8.01
113,1131.519,10,2.83,10.45,5.17,47.375,-15.0,8.875,-5.083333333333333,-11.534444444444444,2.3633333333333333,245.0625,-8.6875,-29.0,139444224.0,18087936.0,67616768.0,218431488.0,4.32,5.74,-3.3,-1.49,4.7,8.47
114,1143.477,11,4.6,11.14,4.99,35.0,-27.1875,-15.0625,-4.193333333333333,-11.293333333333333,1.1377777777777778,245.8125,-3.0,-26.5,142016512.0,27344896.0,55590912.0,219201536.0,5.12,6.77,-3.76,-0.51,4.37,8.76
115,1150.625,7,4.79,11.96,6.64,35.0,-27.1875,-15.0625,-1.9666666666666666,-10.696666666666667,0.20666666666666667,247.0625,2.25,-25.4375,144687104.0,37158912.0,46235648.0,218185728.0,4.4,7.75,-2.2,0.38,4.2,8.84
116,1161.422,10,3.53,11.89,10.71,35.0,-27.1875,-15.0625,0.1111111111111111,-9.751111111111111,-0.2833333333333333,248.4375,6.9375,-25.6875,146948096.0,47235072.0,39665664.0,216006656.0,2.34,7.67,1.94,1.19,4.22,8.77
117,1171.546,10,4.51,10.86,12.14,35.0,-27.1875,-15.0625,1.4188888888888889,-8.551111111111112,-0.5377777777777778,249.75,11.0,-26.8125,148668416.0,56852480.0,35241984.0,213270528.0,2.64,6.52,3.55,1.87,4.34,8.58
118,1181.5310000000002,9,5.23,9.81,13.13,35.0,-27.1875,-15.0625,1.7933333333333332,-7.183333333333334,-0.7911111111111111,251.0,14.25,-28.25,150093824.0,65224704.0,32178176.0,210337792.0,2.81,5.31,4.77,2.41,4.5,8.36
119,1193.509,11,5.8,9.27,14.08,21.5625,-24.5625,-37.25,1.4422222222222223,-5.6755555555555555,-1.1688888888888889,252.3125,16.625,-29.625,151617536.0,71712768.0,29917184.0,207437824.0,2.99,4.62,5.91,2.81,4.64,8.16
120,1200.5110000000002,7,5.79,8.74,14.93,21.5625,-24.5625,-37.25,0.5266666666666666,-4.0377777777777775,-1.6733333333333333,253.75,18.0625,-30.5,153632768.0,75825152.0,28098560.0,204734464.0,2.74,4.0,6.91,3.05,4.73,8.02
121,1211.5240000000001,11,5.12,8.97,15.26,21.5625,-24.5625,-37.25,-0.4288888888888889,-2.327777777777778,-2.22,255.3125,18.5625,-30.8125,156237824.0,77463552.0,26771456.0,202309632.0,1.99,4.2,7.28,3.12,4.76,7.97
122,1221.5249999999999,10,4.57,8.3,15.09,21.5625,-24.5625,-37.25,-1.0611111111111111,-0.5911111111111111,-2.738888888888889,257.0,18.0625,-30.75,159318016.0,76890112.0,26312704.0,200179712.0,1.52,3.53,7.08,3.04,4.76,8.0
123,1231.476,9,3.86,6.68,14.37,21.5625,-24.5625,-37.25,-1.308888888888889,1.1088888888888888,-3.1555555555555554,258.6875,16.6875,-30.375,162627584.0,74448896.0,27066368.0,198328320.0,1.04,1.92,6.28,2.82,4.75,8.09
124,1243.43,11,2.87,4.79,14.46,10.875,-24.5625,-38.75,-1.3911111111111112,2.7088888888888887,-3.4366666666666665,260.25,14.4375,-29.875,165969920.0,70352896.0,29048832.0,196755456.0,0.42,0.05,6.23,2.45,4.73,8.22
125,1250.445,7,2.44,3.24,14.42,10.875,-24.5625,-38.75,-1.4744444444444444,4.128888888888889,-3.8,261.875,11.5,-29.25,169394176.0,64782336.0,32194560.0,195280896.0,0.48,-1.44,6.03,1.95,4.69,8.38
126,1261.492,11,2.59,3.27,14.55,10.875,-24.5625,-38.75,-1.4433333333333334,5.291111111111111,-4.2411111111111115,263.5,7.875,-28.5625,172867584.0,58032128.0,36388864.0,193609728.0,1.25,-1.37,6.02,1.34,4.64,8.52
127,1271.498,10,2.35,0.75,14.98,10.875,-24.5625,-38.75,-1.83,6.238888888888889,-4.714444444444444,265.25,3.625,-27.625,176504832.0,49938432.0,41107456.0,191627264.0,1.72,-3.78,6.31,0.62,4.54,8.66
128,1281.504,10,2.34,-0.08,14.85,10.875,-24.5625,-38.75,-2.1766666666666667,6.9622222222222225,-5.17,267.1875,-0.9375,-26.4375,180207616.0,40730624.0,46153728.0,189202432.0,2.5,-4.46,6.08,-0.16,4.37,8.77
129,1293.6490000000001,12,1.82,-0.11,14.63,18.25,-23.5,-38.375,-2.2644444444444445,7.4688888888888885,-5.5488888888888885,269.25,-5.9375,-25.1875,183795712.0,30818304.0,51527680.0,186204160.0,2.83,-4.27,5.81,-1.01,4.15,8.82
130,1301.08,7,-0.05,-1.49,13.3,18.25,-23.5,-38.375,-2.2977777777777777,7.838888888888889,-5.8,271.375,-11.125,-23.75,187138048.0,20430848.0,57131008.0,182632448.0,1.84,-5.37,4.5,-1.89,3.88,8.8
131,1311.507,10,-1.23,-1.89,12.42,18.25,-23.5,-38.375,-2.2866666666666666,8.143333333333333,-5.921111111111111,273.5625,-16.4375,-22.1875,190054400.0,9715712.0,62881792.0,178569216.0,1.54,-5.45,3.71,-2.78,3.55,8.7
132,1321.5,9,-1.68,-2.08,11.47,18.25,-23.5,-38.375,-1.9944444444444445,8.394444444444444,-5.921111111111111,275.75,-21.875,-20.6875,192430080.0,-966656.0,68960256.0,173998080.0,1.97,-5.3,2.96,-3.65,3.21,8.51
133,1331.581,10,-1.66,-2.32,10.51,18.25,-23.5,-38.375,-1.751111111111111,8.652222222222223,-5.826666666666667,277.875,-27.375,-19.0625,194150400.0,-11616256.0,75300864.0,168984576.0,2.85,-5.17,2.29,-4.51,2.84,8.22
134,1343.3090000000002,11,-1.45,-2.53,8.93,35.0625,-16.5,-30.0625,-1.7144444444444444,8.926666666666666,-5.627777777777778,280.0,-32.9375,-17.3125,195133440.0,-22347776.0,81739776.0,163708928.0,3.87,-4.99,1.08,-5.33,2.45,7.85
135,1351.0040000000001,7,-1.63,-2.67,8.24,35.0625,-16.5,-30.0625,-1.8611111111111112,9.184444444444445,-5.268888888888889,281.875,-38.5625,-15.375,195215360.0,-33226752.0,88129536.0,158351360.0,4.48,-4.71,0.84,-6.11,2.03,7.39
136,1361.4360000000001,10,-1.76,-2.16,7.55,35.0625,-16.5,-30.0625,-2.0255555555555556,9.385555555555555,-4.778888888888889,283.5,-44.125,-13.125,194314240.0,-44105728.0,94437376.0,153092096.0,5.07,-3.76,0.7,-6.83,1.6,6.84
137,1371.5900000000001,10,-3.36,-2.57,5.84,35.0625,-16.5,-30.0625,-2.0877777777777777,9.474444444444444,-4.2555555555555555,284.875,-49.6875,-10.6875,192479232.0,-54771712.0,100646912.0,147931136.0,4.11,-3.75,-0.39,-7.47,1.18,6.23
138,1381.5900000000001,10,-4.41,-2.51,4.69,35.0625,-16.5,-30.0625,-1.9722222222222223,9.426666666666666,-3.7377777777777776,286.0625,-55.0625,-8.125,189841408.0,-64913408.0,106774528.0,142835712.0,3.62,-3.31,-0.85,-8.04,0.79,5.55
139,1393.532,11,-5.52,-2.23,3.77,45.875,-5.25,-10.25,-1.7577777777777779,9.26,-3.241111111111111,287.0625,-60.25,-5.3125,186597376.0,-74334208.0,112803840.0,137789440.0,2.98,-2.69,-1.06,-8.51,0.45,4.83
140,1400.772,7,-6.26,-2.22,2.67,45.875,-5.25,-10.25,-1.7255555555555555,9.012222222222222,-2.7155555555555555,287.875,-65.25,-2.1875,182747136.0,-83148800.0,118587392.0,132988928.0,2.64,-2.38,-1.42,-8.9,0.15,4.09
141,1411.5040000000001,10,-6.64,-1.66,0.72,45.875,-5.25,-10.25,-1.7522222222222221,8.693333333333333,-2.158888888888889,288.4375,-70.0,1.5,178356224.0,-91291648.0,124059648.0,128532480.0,2.57,-1.57,-2.62,-9.21,-0.09,3.34
142,1421.553,10,-6.29,-1.37,-0.01,45.875,-5.25,-10.25,-1.7644444444444445,8.327777777777778,-1.6944444444444444,288.6875,-74.4375,6.375,173572096.0,-98779136.0,129187840.0,124420096.0,3.15,-1.08,-2.62,-9.44,-0.29,2.6
143,1431.5929999999998,10,-5.67,-1.69,-0.8,45.875,-5.25,-10.25,-1.9644444444444444,7.928888888888889,-1.228888888888889,288.625,-78.625,13.25,168378368.0,-105758720.0,133890048.0,120799232.0,3.93,-1.25,-2.68,-9.61,-0.44,1.88
144,1443.654,12,-4.03,-1.5,-2.85,47.375,1.5,13.1875,-2.238888888888889,7.5088888888888885,-0.8244444444444444,288.25,-82.3125,25.0625,162840576.0,-112312320.0,138100736.0,117719040.0,5.68,-0.95,-4.03,-9.71,-0.55,1.18
145,1450.728,7,-3.87,-1.92,-4.38,47.375,1.5,13.1875,-2.4655555555555555,7.054444444444444,-0.4411111111111111,287.4375,-85.3125,3.5625,157040640.0,-118374400.0,141852672.0,115146752.0,5.89,-1.3,-4.89,-9.77,-0.61,0.51
146,1461.5130000000001,10,-3.96,-2.69,-5.62,47.375,1.5,13.1875,-2.5766666666666667,6.585555555555556,-0.07111111111111111,286.375,-86.25,176.3125,151093248.0,-123879424.0,145244160.0,113065984.0,5.82,-2.07,-5.5,-9.78,-0.62,-0.11
147,1471.639,10,-3.95,-2.8,-7.08,47.375,1.5,13.1875,-2.12,6.01,0.2411111111111111,285.25,-84.6875,176.5,145506304.0,-128417792.0,148488192.0,111116288.0,5.8,-2.2,-6.4,-9.76,-0.59,-0.68
148,1481.595,9,-4.14,-1.05,-7.9,47.375,1.5,13.1875,-1.15,5.288888888888889,0.4988888888888889,284.4375,-82.375,155.4375,140771328.0,-131596288.0,151797760.0,109002752.0,5.57,-0.51,-6.72,-9.72,-0.53,-1.17
149,1493.6009999999999,12,-4.21,-0.29,-7.47,44.0625,1.5,31.1875,-0.4177777777777778,4.438888888888889,0.8155555555555556,283.875,-80.25,163.875,136855552.0,-133562368.0,155025408.0,107053056.0,5.44,0.16,-5.88,-9.66,-0.45,-1.58
150,1500.648,7,-4.74,-0.46,-7.47,44.0625,1.5,31.1875,-0.25333333333333335,3.4122222222222223,1.1044444444444443,283.25,-78.5625,169.5,133595136.0,-134627328.0,157794304.0,105775104.0,4.86,-0.1,-5.57,-9.61,-0.35,-1.9
151,1511.621,10,-5.5,-0.49,-7.17,44.0625,1.5,31.1875,-0.27,2.1444444444444444,1.4122222222222223,282.3125,-77.5625,174.0,131088384.0,-134807552.0,159907840.0,105496576.0,4.07,-0.27,-5.07,-9.57,-0.21,-2.09
152,1521.606,9,-6.13,0.99,-6.04,44.0625,1.5,31.1875,-0.2633333333333333,0.6111111111111112,1.76,281.1875,-77.25,178.5625,129564672.0,-133939200.0,161267712.0,106397696.0,3.42,1.04,-3.88,-9.56,-0.05,-2.15
153,1531.623,10,-6.03,0.78,-5.86,44.0625,1.5,31.1875,-0.4588888888888889,-1.0811111111111111,2.0533333333333332,279.75,-77.8125,-176.0,129056768.0,-132087808.0,161677312.0,108691456.0,3.55,0.64,-3.8,-9.58,0.14,-2.05
154,1543.48,11,-6.35,1.32,-6.07,35.1875,0.0,39.0,-0.6822222222222222,-2.888888888888889,2.3666666666666667,278.0625,-79.1875,-168.25,129613824.0,-129187840.0,161005568.0,112459776.0,3.28,0.95,-4.28,-9.63,0.37,-1.79
155,1550.546,7,-6.4,2.59,-4.32,35.1875,0.0,39.0,-0.6022222222222222,-4.695555555555556,2.718888888888889,276.375,-81.1875,-155.0625,131334144.0,-124911616.0,159416320.0,117440512.0,3.29,1.96,-2.96,-9.69,0.63,-1.35
156,1561.542,10,-6.76,2.44,-3.29,35.1875,0.0,39.0,-0.6133333333333333,-6.413333333333333,3.1266666666666665,274.625,-82.9375,-129.4375,134004736.0,-119291904.0,156827648.0,123600896.0,2.96,1.52,-2.52,-9.73,0.92,-0.76
157,1571.452,9,-6.72,2.74,-2.01,35.1875,0.0,39.0,-0.6933333333333334,-7.997777777777777,3.4788888888888887,272.8125,-82.625,-90.625,137412608.0,-112345088.0,153174016.0,130744320.0,3.0,1.49,-2.0,-9.72,1.24,-0.01
158,1581.547,10,-6.58,3.1,-0.66,35.1875,0.0,39.0,-0.7577777777777778,-9.45,3.7555555555555555,271.0625,-79.3125,-61.4375,141377536.0,-104103936.0,148357120.0,138641408.0,3.05,1.51,-1.53,-9.63,1.59,0.86
159,1593.605,12,-6.02,4.37,3.03,39.0,-2.25,33.0625,-0.8255555555555556,-10.746666666666666,3.9611111111111112,269.5,-74.0625,-46.3125,145719296.0,-94650368.0,142344192.0,146980864.0,3.4,2.43,1.17,-9.43,1.94,1.85
160,1601.048,7,-5.89,3.7,4.57,39.0,-2.25,33.0625,-1.2066666666666668,-11.847777777777777,4.076666666666667,267.875,-67.8125,-37.875,150077440.0,-84312064.0,134889472.0,155664384.0,3.18,1.43,1.65,-9.08,2.27,2.91
161,1611.538,10,-6.1,3.33,5.85,39.0,-2.25,33.0625,-1.7777777777777777,-12.738888888888889,3.9955555555555557,266.3125,-60.875,-32.25,154255360.0,-73449472.0,125829120.0,164413440.0,2.46,0.79,1.82,-8.57,2.54,4.02
162,1621.569,10,-5.3,3.74,6.25,39.0,-2.25,33.0625,-2.526666666666667,-13.284444444444444,3.6033333333333335,264.875,-53.625,-27.875,158154752.0,-62619648.0,115130368.0,172818432.0,2.6,1.02,1.12,-7.9,2.72,5.13
163,1631.5919999999999,10,-4.28,3.07,5.85,39.0,-2.25,33.0625,-3.8533333333333335,-13.373333333333333,2.747777777777778,263.6875,-46.4375,-23.625,161693696.0,-52920320.0,102498304.0,180568064.0,2.83,0.36,-0.32,-7.11,2.7,6.18
164,1643.435,11,-1.92,1.3,4.22,47.375,-10.75,7.5,-5.4655555555555555,-12.96888888888889,1.8477777777777777,262.5625,-39.5,-19.125,164675584.0,-44990464.0,88113152.0,187482112.0,4.31,-1.17,-2.91,-6.24,2.47,7.14
165,1650.973,7,1.07,0.8,3.64,47.375,-10.75,7.5,-6.0744444444444445,-12.025555555555556,0.9055555555555556,261.8125,-33.125,-14.75,167264256.0,-38567936.0,73334784.0,192905216.0,6.44,-1.28,-4.29,-5.36,2.09,7.93
166,1661.417,10,-1.1,2.91,7.49,47.375,-10.75,7.5,-5.352222222222222,-10.624444444444444,0.0811111111111111,261.5625,-27.5,-11.125,169639936.0,-32997376.0,59899904.0,196476928.0,3.43,1.23,-1.04,-4.53,1.67,8.53
167,1671.507,10,-2.01,2.55,9.53,47.375,-10.75,7.5,-4.875555555555556,-8.71888888888889,-0.4033333333333333,261.5625,-22.875,-8.0,171540480.0,-28868608.0,48201728.0,198672384.0,1.79,1.3,0.59,-3.81,1.25,8.94
168,1681.546,10,-1.49,2.83,11.59,47.375,-10.75,7.5,-4.088888888888889,-6.641111111111111,-0.5111111111111111,261.625,-19.3125,-5.5,172867584.0,-26034176.0,38830080.0,199966720.0,1.74,1.94,2.38,-3.24,0.88,9.21
169,1693.448,11,-1.48,2.72,13.98,41.25,-12.6875,-24.6875,-2.3033333333333332,-4.796666666666667,-0.25222222222222224,261.6875,-16.6875,-4.125,173654016.0,-23412736.0,32669696.0,200720384.0,1.33,2.04,4.61,-2.82,0.67,9.36
170,1700.6699999999998,7,-1.46,2.0,14.59,41.25,-12.6875,-24.6875,-0.14333333333333334,-3.216666666666667,0.21333333333333335,261.625,-14.9375,-4.0,173899776.0,-20430848.0,29900800.0,201261056.0,1.06,1.33,5.14,-2.53,0.67,9.44
171,1711.449,10,-1.67,1.68,15.03,41.25,-12.6875,-24.6875,1.8666666666666667,-1.8744444444444444,0.6366666666666667,261.4375,-13.875,-5.125,173735936.0,-17006592.0,30195712.0,201687040.0,0.69,0.82,5.55,-2.36,0.85,9.47
172,1721.4830000000002,10,-1.97,1.55,15.41,41.25,-12.6875,-24.6875,3.0055555555555555,-0.7277777777777777,0.8177777777777778,261.25,-13.4375,-6.875,173277184.0,-13697024.0,32538624.0,201965568.0,0.31,0.41,5.95,-2.28,1.14,9.46
173,1731.472,9,-2.13,0.75,15.94,41.25,-12.6875,-24.6875,2.8733333333333335,0.24666666666666667,0.7055555555555556,261.0,-13.5625,-8.5,172720128.0,-11468800.0,35536896.0,202063872.0,0.16,-0.66,6.51,-2.3,1.41,9.42
174,1743.414,11,-2.42,-0.37,15.93,32.5625,-8.0,-35.1875,1.5711111111111111,1.0222222222222221,0.3655555555555556,260.875,-14.0625,-9.4375,172277760.0,-11091968.0,37896192.0,202031104.0,-0.03,-1.93,6.55,-2.38,1.56,9.38
175,1750.5539999999999,7,-2.46,-0.67,15.57,32.5625,-8.0,-35.1875,0.03333333333333333,1.5144444444444445,-0.1111111111111111,260.875,-14.875,-9.5,172113920.0,-12533760.0,39174144.0,201850880.0,0.05,-2.24,6.22,-2.52,1.56,9.34
176,1761.403,10,-2.58,-0.08,14.67,32.5625,-8.0,-35.1875,-0.9633333333333334,1.711111111111111,-0.6077777777777778,261.0625,-15.875,-8.875,172310528.0,-15089664.0,39600128.0,201424896.0,0.09,-1.54,5.35,-2.68,1.46,9.31
177,1771.493,10,-2.93,0.04,13.9,32.5625,-8.0,-35.1875,-1.5233333333333334,1.7255555555555555,-1.008888888888889,261.4375,-16.875,-7.9375,172834816.0,-18169856.0,39485440.0,200736768.0,-0.08,-1.25,4.61,-2.85,1.3,9.29
178,1781.485,9,-3.2,0.5,13.11,32.5625,-8.0,-35.1875,-1.5722222222222222,1.62,-1.278888888888889,261.9375,-17.8125,-6.9375,173604864.0,-21250048.0,39206912.0,199835648.0,-0.19,-0.62,3.85,-3.0,1.12,9.26
179,1793.544,12,-3.42,0.83,12.44,33.375,-11.6875,-32.5,-1.3022222222222222,1.4455555555555555,-1.3944444444444444,262.5625,-18.6875,-6.0,174505984.0,-23953408.0,39010304.0,198770688.0,-0.27,-0.13,3.2,-3.14,0.97,9.23
180,1800.564,7,-3.96,1.18,11.46,33.375,-11.6875,-32.5,-0.9733333333333334,1.278888888888889,-1.3555555555555556,263.125,-19.4375,-5.25,175439872.0,-26214400.0,38993920.0,197672960.0,-0.69,0.33,2.26,-3.27,0.84,9.2
181,1811.4479999999999,10,-4.09,1.35,11.08,33.375,-11.6875,-32.5,-0.6511111111111111,1.12,-1.1755555555555555,263.6875,-20.125,-4.625,176242688.0,-28033024.0,39174144.0,196657152.0,-0.71,0.6,1.9,-3.37,0.75,9.17
182,1821.469,10,-4.1,1.14,10.75,33.375,-11.6875,-32.5,-0.46555555555555556,0.9855555555555555,-0.8077777777777778,264.0625,-20.6875,-4.25,176750592.0,-29491200.0,39452672.0,195936256.0,-0.63,0.46,1.6,-3.47,0.68,9.14
183,1831.4969999999998,10,-3.81,1.37,10.32,33.375,-11.6875,-32.5,-0.3211111111111111,0.8711111111111111,-0.4688888888888889,264.3125,-21.1875,-4.0,176979968.0,-30654464.0,39813120.0,195477504.0,-0.26,0.73,1.2,-3.54,0.64,9.11
184,1843.5410000000002,12,-3.89,1.29,10.29,37.5625,-7.6875,-30.375,-0.2011111111111111,0.7688888888888888,-0.17444444444444446,264.3125,-21.625,-3.875,176963584.0,-31571968.0,40255488.0,195248128.0,-0.27,0.68,1.2,-3.61,0.61,9.09
185,1850.614,7,-3.94,1.21,10.05,37.5625,-7.6875,-30.375,-0.13555555555555557,0.6666666666666666,0.10888888888888888,264.25,-22.0,-3.8125,176717824.0,-32292864.0,40697856.0,195264512.0,-0.27,0.6,0.98,-3.67,0.61,9.07
186,1861.545,10,-3.84,0.88,9.69,37.5625,-7.6875,-30.375,-0.09555555555555556,0.57,0.33555555555555555,264.0625,-22.25,-3.875,176275456.0,-32833536.0,41140224.0,195477504.0,-0.12,0.27,0.64,-3.72,0.61,9.05
187,1871.539,9,-3.58,0.55,9.26,37.5625,-7.6875,-30.375,-0.028888888888888888,0.4766666666666667,0.5455555555555556,263.75,-22.5,-3.9375,175669248.0,-33193984.0,41598976.0,195870720.0,0.17,-0.07,0.23,-3.75,0.63,9.03
188,1881.538,9,-3.46,0.49,9.07,37.5625,-7.6875,-30.375,0.06111111111111111,0.3988888888888889,0.6944444444444444,263.375,-22.6875,-4.1875,174948352.0,-33374208.0,42106880.0,196378624.0,0.32,-0.16,0.05,-3.78,0.66,9.02
189,1893.4759999999999,11,-3.39,0.64,9.18,37.75,-7.25,-28.75,0.14222222222222222,0.3188888888888889,0.7877777777777778,262.9375,-22.8125,-4.4375,174178304.0,-33406976.0,42631168.0,196952064.0,0.41,-0.05,0.18,-3.81,0.7,9.0
190,1901.067,7,-3.35,0.29,9.29,37.75,-7.25,-28.75,0.19,0.23222222222222222,0.82,262.5,-22.9375,-4.75,173391872.0,-33292288.0,43122688.0,197541888.0,0.47,-0.45,0.29,-3.82,0.74,8.99
191,1911.5040000000001,10,-3.52,0.8,9.32,37.75,-7.25,-28.75,0.33666666666666667,0.11777777777777777,0.8044444444444444,262.125,-22.9375,-5.0625,172654592.0,-32964608.0,43663360.0,198115328.0,0.3,0.0,0.33,-3.82,0.8,8.99
192,1921.483,9,-3.48,0.65,9.22,37.75,-7.25,-28.75,0.48333333333333334,-0.006666666666666667,0.7555555555555555,261.75,-22.9375,-5.5,172015616.0,-32407552.0,44236800.0,198639616.0,0.33,-0.21,0.23,-3.82,0.87,8.98
193,1931.521,10,-3.34,0.47,9.02,37.75,-7.25,-28.75,0.4088888888888889,-0.10666666666666667,0.6877777777777778,261.4375,-22.8125,-5.875,171458560.0,-31817728.0,44646400.0,199131136.0,0.46,-0.45,0.03,-3.8,0.93,8.98
194,1943.406,11,-3.01,0.67,8.43,38.25,-8.375,-28.0,0.30777777777777776,-0.18777777777777777,0.6011111111111112,261.125,-22.6875,-6.1875,170967040.0,-31260672.0,44875776.0,199589888.0,0.77,-0.3,-0.55,-3.78,0.98,8.99
195,1950.989,7,-3.15,0.72,8.36,38.25,-8.375,-28.0,0.18555555555555556,-0.2388888888888889,0.5255555555555556,260.875,-22.5,-6.4375,170557440.0,-30785536.0,44941312.0,199999488.0,0.61,-0.29,-0.62,-3.76,1.01,8.99
196,1961.447,10,-3.33,0.95,8.41,38.25,-8.375,-28.0,0.06666666666666667,-0.27,0.4588888888888889,260.625,-22.375,-6.5625,170180608.0,-30375936.0,44843008.0,200409088.0,0.4,-0.07,-0.59,-3.73,1.03,9.0
197,1971.531,10,-3.43,1.24,8.4,38.25,-8.375,-28.0,0.0044444444444444444,-0.3011111111111111,0.4122222222222222,260.4375,-22.1875,-6.625,169852928.0,-29999104.0,44662784.0,200785920.0,0.26,0.19,-0.61,-3.7,1.05,9.01
198,1981.5130000000001,9,-3.49,1.37,8.2,38.25,-8.375,-28.0,-0.07777777777777778,-0.31333333333333335,0.3844444444444444,260.25,-21.9375,-6.6875,169541632.0,-29671424.0,44384256.0,201146368.0,0.17,0.31,-0.82,-3.67,1.06,9.03
199,1993.31,11,-3.39,1.42,8.06,38.25,-10.5625,-28.375,-0.16,-0.3188888888888889,0.37333333333333335,260.0,-21.75,-6.625,169230336.0,-29425664.0,44023808.0,201523200.0,0.24,0.36,-0.98,-3.64,1.06,9.04
200,2000.737,7,-3.42,1.43,7.96,38.25,-10.5625,-28.375,-0.17666666666666667,-0.31222222222222223,0.37444444444444447,259.8125,-21.5625,-6.625,168919040.0,-29179904.0,43663360.0,201916416.0,0.18,0.37,-1.09,-3.61,1.05,9.05
201,2011.4779999999998,10,-3.82,1.75,8.35,38.25,-10.5625,-28.375,-0.12555555555555556,-0.3055555555555556,0.3877777777777778,259.5625,-21.375,-6.625,168591360.0,-28917760.0,43352064.0,202293248.0,-0.24,0.69,-0.71,-3.58,1.06,9.06
202,2021.5489999999998,10,-3.8,1.74,8.46,38.25,-10.5625,-28.375,-0.08555555555555555,-0.2811111111111111,0.3977777777777778,259.375,-21.1875,-6.6875,168247296.0,-28622848.0,43089920.0,202670080.0,-0.25,0.67,-0.61,-3.55,1.06,9.07
203,2031.553,10,-3.69,1.71,8.41,38.25,-10.5625,-28.375,-0.12222222222222222,-0.23777777777777778,0.4011111111111111,259.125,-21.0625,-6.6875,167886848.0,-28409856.0,42844160.0,203046912.0,-0.16,0.64,-0.66,-3.52,1.06,9.08
204,2043.4199999999998,11,-3.63,1.7,8.39,37.5625,-10.875,-28.375,-0.1622222222222222,-0.18888888888888888,0.38555555555555554,258.9375,-20.9375,-6.6875,167542784.0,-28278784.0,42582016.0,203407360.0,-0.12,0.63,-0.69,-3.5,1.06,9.09
205,2050.714,7,-3.65,1.66,8.4,37.5625,-10.875,-28.375,-0.19,-0.13555555555555557,0.35444444444444445,258.6875,-20.8125,-6.625,167198720.0,-28229632.0,42336256.0,203751424.0,-0.16,0.6,-0.69,-3.49,1.06,9.1
206,2061.138,10,-3.43,1.7,8.3,37.5625,-10.875,-28.375,-0.17888888888888888,-0.09222222222222222,0.31,258.5,-20.75,-6.625,166887424.0,-28213248.0,42139648.0,204046336.0,0.04,0.64,-0.79,-3.48,1.05,9.1
207,2072.453,11,-3.53,1.55,8.33,37.5625,-10.875,-28.375,-0.16111111111111112,-0.06,0.26,258.3125,-20.9375,-7.0625,166412288.0,-28000256.0,43073536.0,204275712.0,-0.03,0.42,-0.75,-3.5,1.12,9.08
208,2082.465,10,-4.02,1.29,8.66,37.5625,-10.875,-28.375,-0.0811111111111111,-0.057777777777777775,0.19444444444444445,258.1875,-21.125,-7.25,166084608.0,-28082176.0,43728896.0,204390400.0,-0.48,0.13,-0.4,-3.53,1.16,9.07
209,2093.6020000000003,11,-3.97,1.23,8.63,35.5625,-10.5625,-29.25,0.03,-0.08555555555555555,0.11333333333333333,258.125,-21.0625,-7.3125,166002688.0,-27951104.0,43696128.0,204472320.0,-0.44,0.06,-0.44,-3.52,1.16,9.07
210,2100.623,7,-3.82,1.22,8.47,35.5625,-10.5625,-29.25,0.08777777777777777,-0.11777777777777777,0.022222222222222223,258.125,-21.0,-7.375,166019072.0,-27754496.0,43696128.0,204488704.0,-0.3,0.04,-0.59,-3.51,1.17,9.07
211,2111.493,10,-3.74,1.15,8.36,35.5625,-10.5625,-29.25,0.05,-0.1411111111111111,-0.07444444444444444,258.1875,-20.9375,-7.375,166117376.0,-27590656.0,43630592.0,204439552.0,-0.23,-0.02,-0.72,-3.5,1.18,9.08
212,2121.474,9,-3.49,1.14,8.41,35.5625,-10.5625,-29.25,-0.04666666666666667,-0.1388888888888889,-0.16444444444444445,258.25,-20.875,-7.3125,166297600.0,-27525120.0,43450368.0,204341248.0,0.0,-0.02,-0.66,-3.49,1.17,9.08
213,2131.498,10,-3.44,1.14,8.58,35.5625,-10.5625,-29.25,-0.1388888888888889,-0.13,-0.23333333333333334,258.375,-20.8125,-7.1875,166543360.0,-27557888.0,43188224.0,204193792.0,0.04,0.0,-0.5,-3.48,1.15,9.09
214,2143.4,11,-3.6,1.13,8.83,33.75,-11.0,-29.25,-0.20333333333333334,-0.12777777777777777,-0.2788888888888889,258.5,-20.75,-7.0,166805504.0,-27656192.0,42844160.0,204046336.0,-0.12,0.0,-0.26,-3.48,1.12,9.09
215,2150.5139999999997,7,-3.49,1.12,8.8,33.75,-11.0,-29.25,-0.2411111111111111,-0.13444444444444445,-0.29888888888888887,258.625,-20.6875,-6.8125,167100416.0,-27770880.0,42467328.0,203866112.0,-0.01,0.03,-0.3,-3.47,1.09,9.1
216,2161.45,10,-3.34,1.06,8.71,33.75,-11.0,-29.25,-0.2688888888888889,-0.1411111111111111,-0.29777777777777775,258.8125,-20.625,-6.625,167378944.0,-27918336.0,42057728.0,203702272.0,0.11,0.0,-0.39,-3.46,1.05,9.11
217,2171.74,10,-3.27,0.97,8.74,33.75,-11.0,-29.25,-0.30444444444444446,-0.1322222222222222,-0.28,258.9375,-20.625,-6.375,167641088.0,-28082176.0,41615360.0,203554816.0,0.18,-0.04,-0.37,-3.45,1.02,9.12
218,2181.512,9,-3.16,0.92,8.8,33.75,-11.0,-29.25,-0.33,-0.10888888888888888,-0.2588888888888889,259.0,-20.5625,-6.125,167854080.0,-28295168.0,41172992.0,203423744.0,0.27,-0.06,-0.32,-3.44,0.98,9.12
219,2193.2749999999996,11,-3.13,0.7,9.12,35.6875,-10.25,-29.6875,-0.3333333333333333,-0.09111111111111111,-0.22555555555555556,259.125,-20.5,-5.9375,168050688.0,-28508160.0,40747008.0,203325440.0,0.31,-0.24,0.0,-3.44,0.95,9.13
220,2201.0589999999997,7,-3.17,0.65,9.28,35.6875,-10.25,-29.6875,-0.3022222222222222,-0.08888888888888889,-0.18888888888888888,259.1875,-20.5,-5.6875,168214528.0,-28704768.0,40353792.0,203243520.0,0.26,-0.25,0.15,-3.43,0.91,9.13
221,2211.396,10,-3.18,0.53,9.3,35.6875,-10.25,-29.6875,-0.2811111111111111,-0.10888888888888888,-0.14777777777777779,259.25,-20.4375,-5.5,168329216.0,-28852224.0,39976960.0,203194368.0,0.23,-0.35,0.16,-3.42,0.88,9.14
222,2221.484,10,-3.07,0.33,9.18,35.6875,-10.25,-29.6875,-0.24,-0.13333333333333333,-0.11,259.3125,-20.375,-5.375,168443904.0,-28934144.0,39616512.0,203177984.0,0.34,-0.52,0.03,-3.41,0.86,9.15
223,2231.47,9,-3.02,0.27,9.11,35.6875,-10.25,-29.6875,-0.1711111111111111,-0.15555555555555556,-0.0811111111111111,259.3125,-20.25,-5.25,168525824.0,-28934144.0,39321600.0,203161600.0,0.38,-0.57,-0.04,-3.4,0.84,9.15
224,2244.551,13,-2.94,0.2,9.13,35.6875,-8.75,-29.25,-0.11777777777777777,-0.16444444444444445,-0.056666666666666664,259.25,-20.1875,-5.1875,168460288.0,-28917760.0,39043072.0,203276288.0,0.44,-0.62,-0.02,-3.39,0.83,9.16
225,2252.046,7,-2.82,0.19,9.15,35.6875,-8.75,-29.25,-0.09888888888888889,-0.15777777777777777,-0.03333333333333333,259.3125,-20.125,-5.125,168509440.0,-28852224.0,38813696.0,203276288.0,0.55,-0.63,-0.01,-3.37,0.82,9.16
226,2261.7470000000003,9,-3.26,0.09,9.3,35.6875,-8.75,-29.25,-0.09111111111111111,-0.14333333333333334,-0.012222222222222223,259.3125,-20.0625,-5.0625,168525824.0,-28786688.0,38617088.0,203309056.0,0.09,-0.71,0.13,-3.36,0.81,9.17
227,2271.458,9,-3.23,0.11,9.31,35.6875,-8.75,-29.25,-0.06777777777777778,-0.12777777777777777,0.0077777777777777776,259.25,-19.9375,-5.0,168542208.0,-28721152.0,38453248.0,203341824.0,0.11,-0.69,0.13,-3.35,0.81,9.17
228,2281.496,10,-3.18,0.26,9.34,35.6875,-8.75,-29.25,-0.023333333333333334,-0.11222222222222222,0.021111111111111112,259.25,-19.875,-5.0,168542208.0,-28622848.0,38338560.0,203374592.0,0.15,-0.54,0.15,-3.34,0.8,9.18
229,2294.498,13,-3.19,0.35,9.36,35.6875,-9.1875,-30.875,0.008888888888888889,-0.08333333333333333,0.03777777777777778,259.0,-19.875,-5.0,168050688.0,-28622848.0,38207488.0,203800576.0,0.13,-0.45,0.17,-3.33,0.81,9.18
230,2301.185,6,-3.15,0.44,9.38,35.6875,-9.1875,-30.875,0.024444444444444446,-0.04666666666666667,0.05555555555555555,259.0,-19.75,-4.8125,168099840.0,-28688384.0,37715968.0,203849728.0,0.16,-0.33,0.18,-3.31,0.78,9.19
231,2312.4500000000003,11,-3.2,0.51,9.43,35.6875,-9.1875,-30.875,0.05555555555555555,-0.02,0.07666666666666666,258.9375,-19.75,-4.875,168034304.0,-28606464.0,37765120.0,203898880.0,0.11,-0.27,0.24,-3.31,0.78,9.19
232,2324.122,11,-3.23,0.58,9.51,35.6875,-9.1875,-30.875,0.10777777777777778,-0.011111111111111112,0.09888888888888889,258.9375,-19.6875,-4.9375,167952384.0,-28491776.0,37879808.0,203964416.0,0.08,-0.21,0.31,-3.31,0.8,9.19
233,2332.009,7,-3.26,0.73,9.69,35.6875,-9.1875,-30.875,0.16444444444444445,-0.006666666666666667,0.12111111111111111,258.875,-19.6875,-5.0625,167870464.0,-28344320.0,38060032.0,204029952.0,0.04,-0.08,0.49,-3.31,0.81,9.19
234,2344.64,12,-3.32,0.79,9.67,36.0625,-9.5,-30.875,0.18666666666666668,-0.028888888888888888,0.14666666666666667,258.5,-19.6875,-5.1875,167247872.0,-28229632.0,38158336.0,204537856.0,-0.01,-0.04,0.47,-3.3,0.83,9.19
235,2352.831,8,-3.32,0.77,9.65,36.0625,-9.5,-30.875,0.18444444444444444,-0.05,0.16555555555555557,258.4375,-19.625,-5.3125,167116800.0,-28000256.0,38322176.0,204636160.0,-0.01,-0.08,0.46,-3.3,0.86,9.19
236,2360.865,8,-3.25,0.82,9.61,36.0625,-9.5,-30.875,0.16666666666666666,-0.07666666666666666,0.17555555555555555,258.375,-19.625,-5.4375,166985728.0,-27770880.0,38453248.0,204767232.0,0.03,-0.05,0.42,-3.29,0.88,9.19
237,2371.427,10,-3.27,0.87,9.53,36.0625,-9.5,-30.875,0.14222222222222222,-0.1,0.18222222222222223,258.25,-19.5625,-5.5625,166838272.0,-27525120.0,38535168.0,204898304.0,0.0,-0.02,0.34,-3.28,0.89,9.19
238,2381.4429999999998,10,-3.32,0.89,9.57,36.0625,-9.5,-30.875,0.10777777777777778,-0.12777777777777777,0.18777777777777777,258.1875,-19.4375,-5.625,166690816.0,-27279360.0,38567936.0,205045760.0,-0.05,-0.01,0.37,-3.27,0.91,9.19
239,2395.536,14,-3.36,0.96,9.57,35.25,-9.875,-30.875,0.07333333333333333,-0.15,0.18555555555555556,257.75,-19.375,-5.6875,165969920.0,-27148288.0,38453248.0,205651968.0,-0.1,0.03,0.36,-3.25,0.92,9.2
240,2403.378,7,-3.26,0.88,9.45,35.25,-9.875,-30.875,0.03777777777777778,-0.1688888888888889,0.18,257.6875,-19.25,-5.75,165838848.0,-26918912.0,38371328.0,205815808.0,-0.02,-0.05,0.24,-3.23,0.93,9.2
241,2412.216,8,-3.29,0.92,9.43,35.25,-9.875,-30.875,-0.005555555555555556,-0.17666666666666667,0.17222222222222222,257.625,-19.125,-5.8125,165691392.0,-26705920.0,38256640.0,205979648.0,-0.07,-0.01,0.22,-3.22,0.94,9.21
242,2422.302,10,-3.22,0.92,9.37,35.25,-9.875,-30.875,-0.04,-0.1811111111111111,0.16,257.5,-19.0625,-5.8125,165560320.0,-26542080.0,38092800.0,206127104.0,-0.02,-0.01,0.15,-3.2,0.94,9.22
243,2432.3830000000003,10,-3.18,0.83,9.33,35.25,-9.875,-30.875,-0.07666666666666666,-0.16555555555555557,0.14222222222222222,257.4375,-18.9375,-5.75,165445632.0,-26411008.0,37896192.0,206274560.0,0.0,-0.1,0.1,-3.18,0.93,9.22
244,2445.4880000000003,13,-3.13,0.74,9.31,35.6875,-9.875,-30.875,-0.08555555555555555,-0.14555555555555555,0.11555555555555555,257.1875,-18.875,-5.75,165052416.0,-26378240.0,37666816.0,206635008.0,0.04,-0.18,0.08,-3.17,0.93,9.23
245,2452.9339999999997,7,-3.16,0.78,9.34,35.6875,-9.875,-30.875,-0.08,-0.12111111111111111,0.08777777777777777,257.125,-18.8125,-5.6875,164970496.0,-26296320.0,37502976.0,206733312.0,0.0,-0.14,0.1,-3.16,0.92,9.23
246,2461.303,8,-3.1,0.77,9.27,35.6875,-9.875,-30.875,-0.09111111111111111,-0.09222222222222222,0.06444444444444444,257.125,-18.75,-5.6875,164921344.0,-26279936.0,37339136.0,206815232.0,0.04,-0.14,0.03,-3.15,0.92,9.23
247,2472.3030000000003,11,-3.04,0.64,9.17,35.6875,-9.875,-30.875,-0.13333333333333333,-0.06,0.03888888888888889,257.0625,-18.6875,-5.625,164872192.0,-26312704.0,37142528.0,206880768.0,0.1,-0.26,-0.06,-3.14,0.91,9.24
248,2482.3179999999998,10,-3.06,0.63,9.2,35.6875,-9.875,-30.875,-0.15666666666666668,-0.016666666666666666,0.012222222222222223,257.0625,-18.6875,-5.5,164855808.0,-26427392.0,36962304.0,206913536.0,0.08,-0.26,-0.03,-3.14,0.89,9.24
249,2495.625,13,-3.03,0.62,9.2,35.25,-11.375,-32.1875,-0.14888888888888888,0.015555555555555555,-0.014444444444444444,256.6875,-18.6875,-5.4375,164151296.0,-26705920.0,36716544.0,207486976.0,0.1,-0.25,-0.03,-3.14,0.88,9.24
250,2503.177,7,-3.01,0.65,9.23,35.25,-11.375,-32.1875,-0.14777777777777779,0.04666666666666667,-0.03222222222222222,256.6875,-18.6875,-5.3125,164151296.0,-26869760.0,36569088.0,207486976.0,0.14,-0.21,-0.01,-3.15,0.86,9.24
251,2511.993,8,-2.96,0.59,9.05,35.25,-11.375,-32.1875,-0.16111111111111112,0.08,-0.04888888888888889,256.6875,-18.75,-5.1875,164167680.0,-27099136.0,36438016.0,207470592.0,0.19,-0.25,-0.19,-3.15,0.84,9.24
252,2522.274,10,-2.98,0.55,9.07,35.25,-11.375,-32.1875,-0.16777777777777778,0.10777777777777778,-0.056666666666666664,256.6875,-18.8125,-5.0625,164200448.0,-27344896.0,36323328.0,207437824.0,0.18,-0.27,-0.17,-3.16,0.82,9.24
253,2532.366,10,-2.99,0.57,9.08,35.25,-11.375,-32.1875,-0.13666666666666666,0.1288888888888889,-0.056666666666666664,256.6875,-18.875,-5.0,164216832.0,-27590656.0,36257792.0,207405056.0,0.18,-0.23,-0.15,-3.17,0.81,9.24
254,2545.429,13,-2.99,0.62,9.08,35.6875,-10.6875,-31.75,-0.09666666666666666,0.1411111111111111,-0.05,256.4375,-18.9375,-4.9375,163758080.0,-27901952.0,36175872.0,207732736.0,0.19,-0.18,-0.15,-3.19,0.8,9.23
255,2552.211,6,-3.01,0.64,9.15,35.6875,-10.6875,-31.75,-0.06555555555555556,0.15,-0.04,256.5,-19.0,-4.875,163758080.0,-28114944.0,36192256.0,207699968.0,0.18,-0.14,-0.08,-3.2,0.79,9.23
256,2562.707,10,-3.06,0.65,9.07,35.6875,-10.6875,-31.75,-0.05,0.14888888888888888,-0.024444444444444446,256.5,-19.125,-4.8125,163758080.0,-28295168.0,36241408.0,207667200.0,0.14,-0.13,-0.15,-3.21,0.78,9.23
257,2572.143,9,-3.04,0.62,9.03,35.6875,-10.6875,-31.75,-0.05444444444444444,0.15222222222222223,-0.0044444444444444444,256.5,-19.1875,-4.8125,163725312.0,-28491776.0,36290560.0,207650816.0,0.17,-0.16,-0.19,-3.22,0.78,9.22
258,2582.217,10,-3.05,0.64,9.0,35.6875,-10.6875,-31.75,-0.056666666666666664,0.14666666666666667,0.015555555555555555,256.4375,-19.25,-4.75,163676160.0,-28672000.0,36339712.0,207667200.0,0.18,-0.13,-0.22,-3.23,0.77,9.22
259,2595.62,13,-3.07,0.64,9.0,34.875,-10.25,-32.1875,-0.058888888888888886,0.1411111111111111,0.03777777777777778,256.1875,-19.3125,-4.75,163119104.0,-28934144.0,36306944.0,208060416.0,0.17,-0.12,-0.21,-3.25,0.77,9.21
260,2602.983,7,-3.03,0.67,9.01,34.875,-10.25,-32.1875,-0.05555555555555555,0.13777777777777778,0.051111111111111114,256.125,-19.375,-4.75,163037184.0,-29114368.0,36356096.0,208093184.0,0.22,-0.09,-0.2,-3.26,0.76,9.21
261,2611.8160000000003,8,-3.05,0.64,8.94,34.875,-10.25,-32.1875,-0.056666666666666664,0.12222222222222222,0.06777777777777778,256.0625,-19.4375,-4.6875,162955264.0,-29261824.0,36388864.0,208142336.0,0.21,-0.12,-0.26,-3.27,0.76,9.21
262,2622.298,10,-3.11,0.62,9.0,34.875,-10.25,-32.1875,-0.06222222222222222,0.09333333333333334,0.07888888888888888,256.0,-19.5,-4.6875,162840576.0,-29376512.0,36405248.0,208207872.0,0.16,-0.14,-0.2,-3.27,0.76,9.21
263,2632.123,9,-3.13,0.6,8.98,34.875,-10.25,-32.1875,-0.04111111111111111,0.05333333333333334,0.09111111111111111,256.0,-19.5,-4.6875,162742272.0,-29458432.0,36405248.0,208273408.0,0.14,-0.15,-0.22,-3.28,0.75,9.2
264,2645.031,12,-3.15,0.6,8.97,35.25,-10.25,-31.375,-0.035555555555555556,0.0022222222222222222,0.09777777777777778,255.625,-19.5,-4.6875,162168832.0,-29540352.0,36306944.0,208732160.0,0.13,-0.15,-0.23,-3.28,0.75,9.21
265,2652.0860000000002,7,-3.11,0.55,8.8,35.25,-10.25,-31.375,-0.05555555555555555,-0.04888888888888889,0.10666666666666667,255.625,-19.5,-4.6875,162054144.0,-29523968.0,36208640.0,208830464.0,0.15,-0.19,-0.4,-3.27,0.75,9.21
266,2662.254,10,-3.13,0.55,8.77,35.25,-10.25,-31.375,-0.10111111111111111,-0.08666666666666667,0.1111111111111111,255.5,-19.4375,-4.625,161955840.0,-29507584.0,36061184.0,208945152.0,0.13,-0.19,-0.44,-3.26,0.74,9.21
267,2672.228,9,-3.13,0.56,8.82,35.25,-10.25,-31.375,-0.12666666666666668,-0.12666666666666668,0.12,255.4375,-19.375,-4.5625,161841152.0,-29458432.0,35848192.0,209076224.0,0.11,-0.17,-0.39,-3.25,0.74,9.22
268,2682.281,10,-3.18,0.59,8.91,35.25,-10.25,-31.375,-0.14222222222222222,-0.16111111111111112,0.13111111111111112,255.375,-19.25,-4.5,161710080.0,-29392896.0,35586048.0,209223680.0,0.05,-0.14,-0.31,-3.24,0.73,9.22
269,2695.591,13,-3.25,0.55,9.0,34.875,-10.25,-30.5,-0.16777777777777778,-0.19111111111111112,0.14444444444444443,255.0,-19.1875,-4.4375,161103872.0,-29392896.0,35225600.0,209747968.0,-0.02,-0.16,-0.23,-3.22,0.72,9.23
270,2702.6789999999996,7,-3.19,0.59,8.99,34.875,-10.25,-30.5,-0.21222222222222223,-0.21444444444444444,0.15777777777777777,254.9375,-19.0625,-4.375,160956416.0,-29327360.0,34865152.0,209944576.0,0.0,-0.11,-0.24,-3.2,0.7,9.24
271,2711.646,8,-3.09,0.58,9.01,34.875,-10.25,-30.5,-0.2677777777777778,-0.23,0.17444444444444446,254.8125,-18.875,-4.25,160792576.0,-29278208.0,34455552.0,210141184.0,0.08,-0.1,-0.23,-3.18,0.68,9.25
272,2722.328,10,-3.14,0.55,9.12,34.875,-10.25,-30.5,-0.30444444444444446,-0.2311111111111111,0.18555555555555556,254.6875,-18.75,-4.0625,160595968.0,-29245440.0,33996800.0,210370560.0,0.02,-0.11,-0.13,-3.16,0.66,9.25
273,2732.308,9,-3.02,0.53,9.12,34.875,-10.25,-30.5,-0.3322222222222222,-0.22666666666666666,0.18888888888888888,254.5625,-18.625,-3.9375,160399360.0,-29245440.0,33505280.0,210599936.0,0.11,-0.11,-0.14,-3.13,0.64,9.26
274,2745.444,13,-2.97,0.46,9.09,33.0625,-9.875,-31.75,-0.3466666666666667,-0.21666666666666667,0.18777777777777777,254.1875,-18.5,-3.8125,159744000.0,-29343744.0,32964608.0,211156992.0,0.14,-0.15,-0.17,-3.11,0.61,9.27
275,2752.888,7,-3.04,0.5,9.18,33.0625,-9.875,-31.75,-0.3244444444444444,-0.20444444444444446,0.1811111111111111,254.0625,-18.375,-3.625,159563776.0,-29360128.0,32505856.0,211386368.0,0.05,-0.09,-0.09,-3.1,0.59,9.28
276,2761.627,8,-3.15,0.49,9.28,33.0625,-9.875,-31.75,-0.27,-0.19,0.16333333333333333,253.9375,-18.3125,-3.5,159383552.0,-29343744.0,32096256.0,211566592.0,-0.06,-0.08,0.0,-3.08,0.57,9.29
277,2772.456,10,-2.94,0.52,9.3,33.0625,-9.875,-31.75,-0.2088888888888889,-0.17666666666666667,0.1511111111111111,253.875,-18.1875,-3.4375,159236096.0,-29294592.0,31784960.0,211746816.0,0.12,-0.03,0.0,-3.06,0.56,9.29
278,2782.326,9,-2.9,0.47,9.23,33.0625,-9.875,-31.75,-0.15888888888888889,-0.1622222222222222,0.1322222222222222,253.75,-18.125,-3.375,159105024.0,-29245440.0,31506432.0,211894272.0,0.14,-0.07,-0.07,-3.05,0.55,9.3
279,2795.636,13,-3.1,0.46,9.34,33.375,-10.25,-32.5625,-0.10444444444444445,-0.13777777777777778,0.11555555555555555,253.4375,-18.0,-3.3125,158466048.0,-29245440.0,31244288.0,212402176.0,-0.06,-0.07,0.03,-3.03,0.54,9.3
280,2803.537,7,-3.01,0.5,9.35,33.375,-10.25,-32.5625,-0.057777777777777775,-0.10888888888888888,0.09888888888888889,253.375,-17.9375,-3.3125,158367744.0,-29163520.0,31113216.0,212500480.0,0.01,-0.04,0.03,-3.02,0.54,9.31
281,2812.7019999999998,9,-2.93,0.52,9.38,33.375,-10.25,-32.5625,-0.03777777777777778,-0.07111111111111111,0.07888888888888888,253.3125,-17.9375,-3.3125,158285824.0,-29097984.0,31031296.0,212582400.0,0.08,-0.01,0.07,-3.02,0.54,9.31
282,2822.187,9,-2.9,0.5,9.37,33.375,-10.25,-32.5625,-0.056666666666666664,-0.028888888888888888,0.06444444444444444,253.25,-17.875,-3.25,158220288.0,-29097984.0,30965760.0,212647936.0,0.11,-0.03,0.06,-3.01,0.53,9.31
283,2832.241,10,-3.01,0.52,9.43,33.375,-10.25,-32.5625,-0.08555555555555555,0.01,0.04666666666666667,253.25,-17.875,-3.25,158171136.0,-29163520.0,30883840.0,212697088.0,0.0,0.0,0.11,-3.01,0.53,9.31
284,2845.3089999999997,13,-3.02,0.54,9.43,31.5625,-10.25,-31.75,-0.09555555555555556,0.04777777777777778,0.035555555555555556,252.875,-17.9375,-3.1875,157483008.0,-29376512.0,30736384.0,213188608.0,0.0,0.01,0.11,-3.02,0.52,9.31
285,2852.7200000000003,7,-3.07,0.55,9.47,31.5625,-10.25,-31.75,-0.09333333333333334,0.08222222222222222,0.02666666666666667,252.875,-17.9375,-3.125,157417472.0,-29523968.0,30703616.0,213221376.0,-0.04,0.04,0.15,-3.02,0.51,9.31
286,2861.759,9,-2.98,0.56,9.33,31.5625,-10.25,-31.75,-0.08222222222222222,0.10888888888888888,0.016666666666666666,252.8125,-18.0,-3.125,157384704.0,-29687808.0,30703616.0,213221376.0,0.05,0.05,0.02,-3.03,0.51,9.31
287,2872.259,10,-2.97,0.47,9.33,31.5625,-10.25,-31.75,-0.07333333333333333,0.13111111111111112,0.012222222222222223,252.8125,-18.0625,-3.0625,157335552.0,-29868032.0,30720000.0,213221376.0,0.07,-0.03,0.02,-3.04,0.5,9.3
288,2882.247,9,-3.04,0.42,9.4,31.5625,-10.25,-31.75,-0.06444444444444444,0.14222222222222222,0.0044444444444444444,252.8125,-18.1875,-3.0625,157302784.0,-30064640.0,30769152.0,213221376.0,0.01,-0.06,0.1,-3.06,0.49,9.3
289,2895.443,13,-3.06,0.39,9.49,33.75,-11.0,-33.0,-0.042222222222222223,0.14555555555555555,-0.0077777777777777776,252.5,-18.25,-3.0,156663808.0,-30326784.0,30736384.0,213647360.0,0.0,-0.09,0.19,-3.07,0.49,9.29
290,2903.2960000000003,7,-2.96,0.45,9.47,33.75,-11.0,-33.0,-0.028888888888888888,0.13666666666666666,-0.01888888888888889,252.5,-18.3125,-3.0,156663808.0,-30490624.0,30801920.0,213630976.0,0.12,-0.03,0.17,-3.08,0.49,9.29
291,2912.156,8,-2.91,0.46,9.39,33.75,-11.0,-33.0,-0.042222222222222223,0.12,-0.03,252.5,-18.375,-2.9375,156680192.0,-30638080.0,30834688.0,213598208.0,0.18,-0.02,0.1,-3.09,0.48,9.29
292,2922.1560000000004,10,-2.89,0.42,9.39,33.75,-11.0,-33.0,-0.07,0.1111111111111111,-0.03666666666666667,252.5,-18.4375,-2.9375,156680192.0,-30801920.0,30834688.0,213565440.0,0.2,-0.05,0.1,-3.1,0.47,9.28
293,2932.2400000000002,10,-3.0,0.39,9.42,33.75,-11.0,-33.0,-0.08,0.09,-0.03888888888888889,252.5,-18.5,-2.875,156696576.0,-30949376.0,30801920.0,213532672.0,0.1,-0.07,0.14,-3.11,0.47,9.28
294,2945.249,13,-3.03,0.41,9.4,32.25,-9.1875,-31.75,-0.06666666666666667,0.06555555555555556,-0.034444444444444444,252.4375,-18.5,-2.8125,156598272.0,-31096832.0,30752768.0,213598208.0,0.07,-0.04,0.12,-3.11,0.46,9.28
295,2952.81,7,-3.05,0.43,9.46,32.25,-9.1875,-31.75,-0.05333333333333334,0.03,-0.024444444444444446,252.5,-18.5,-2.8125,156614656.0,-31162368.0,30720000.0,213581824.0,0.06,-0.01,0.17,-3.12,0.45,9.28
296,2961.097,8,-3.09,0.41,9.34,32.25,-9.1875,-31.75,-0.04777777777777778,0.0033333333333333335,-0.008888888888888889,252.4375,-18.5,-2.75,156598272.0,-31195136.0,30654464.0,213581824.0,0.02,-0.03,0.06,-3.12,0.45,9.28
297,2972.228,11,-2.96,0.33,9.2,32.25,-9.1875,-31.75,-0.04777777777777778,-0.02,0.005555555555555556,252.4375,-18.5,-2.75,156598272.0,-31211520.0,30588928.0,213598208.0,0.15,-0.11,-0.08,-3.11,0.44,9.28
298,2982.1349999999998,9,-3.01,0.35,9.22,32.25,-9.1875,-31.75,-0.03222222222222222,-0.03,0.01888888888888889,252.4375,-18.5,-2.6875,156581888.0,-31195136.0,30539776.0,213614592.0,0.1,-0.08,-0.06,-3.11,0.44,9.28
299,2995.4049999999997,13,-3.02,0.33,9.25,34.1875,-9.1875,-32.1875,-0.017777777777777778,-0.03333333333333333,0.03,252.4375,-18.5,-2.6875,156516352.0,-31178752.0,30490624.0,213680128.0,0.09,-0.1,-0.03,-3.11,0.44,9.28
